회사명,거래소코드,2011,2012,2013,2014,2015,2016,2017,2018,2019
(주)CMG제약,58820,0,0,0,1,0,0,1,0,0
(주)DB하이텍,990,0,0,0,0,0,0,0,0,0
(주)ES큐브,50120,0,0,0,0,1,0,0,0,0
(주)HJ중공업,97230,0,0,0,0,0,0,0,0,0
(주)MH에탄올,23150,0,0,0,0,0,0,0,0,0
(주)SH에너지화학,2360,0,0,0,1,0,0,0,0,0
(주)SIMPAC,9160,0,0,0,0,0,0,0,1,0
(주)SNT에너지,100840,0,0,0,0,0,0,0,0,0
(주)SNT홀딩스,36530,0,0,0,0,0,0,0,1,0
(주)STX,11810,0,0,0,0,0,0,0,0,0
(주)TCC스틸,2710,0,0,0,0,0,0,0,0,0
(주)가비아,79940,0,0,0,0,0,0,0,0,0
(주)강스템바이오텍,217730,0,0,0,0,0,1,0,0,0
(주)강원랜드,35250,0,0,0,0,0,0,0,1,0
(주)강원에너지,114190,0,0,0,1,0,0,0,0,0
(주)갤럭시아에스엠,11420,0,0,1,1,1,0,0,0,0
(주)경농,2100,0,0,0,0,0,0,0,0,0
(주)경동나비엔,9450,0,0,0,0,0,0,0,0,0
(주)경동도시가스,267290,0,0,0,0,0,0,0,0,0
(주)경동인베스트,12320,0,0,0,0,0,0,0,0,0
(주)경방,50,0,0,0,0,0,0,0,0,0
(주)경보제약,214390,0,0,0,0,0,0,0,0,0
(주)경인양행,12610,0,0,0,0,0,0,0,0,0
(주)고려시멘트,198440,0,0,0,0,0,0,0,0,0
(주)고영테크놀러지,98460,0,0,0,1,0,0,0,0,0
(주)골드앤에스,35290,0,0,0,0,0,0,0,1,0
(주)골드퍼시픽,38530,0,0,0,0,1,1,0,0,1
(주)골프존,215000,0,0,0,0,0,0,0,1,0
(주)골프존뉴딘홀딩스,121440,0,1,0,0,0,0,0,0,0
(주)광림,14200,0,0,0,0,0,0,0,0,0
(주)광명전기,17040,0,0,0,0,0,0,0,0,0
(주)광무,29480,0,0,0,1,0,0,0,0,0
(주)광주신세계,37710,0,0,1,0,0,0,0,0,0
(주)구영테크,53270,0,0,1,0,0,0,0,0,0
(주)국동,5320,0,0,0,0,0,0,0,0,0
(주)국보,1140,0,0,0,0,0,0,0,0,0
(주)국보디자인,66620,0,0,0,0,0,0,0,0,0
(주)국순당,43650,0,0,0,0,0,0,0,0,0
(주)국영지앤엠,6050,0,0,0,0,0,0,0,0,0
(주)국전약품,307750,0,0,0,0,0,0,0,0,0
(주)그래디언트,35080,0,0,1,1,0,0,0,0,1
(주)그리티,204020,0,0,0,0,0,0,0,0,0
(주)그린플러스,186230,0,0,0,0,0,0,0,0,0
(주)글로벌스탠다드테크놀로지,83450,0,0,0,0,0,0,1,0,0
(주)금비,8870,0,0,0,0,0,0,0,0,0
(주)금양,1570,0,0,0,0,0,0,0,0,0
(주)금호에이치티,214330,0,0,0,0,0,0,0,0,0
(주)금화피에스시,36190,0,0,0,0,0,0,0,1,0
(주)기가레인,49080,0,0,0,1,0,0,0,0,0
(주)기산텔레콤,35460,0,0,0,0,0,0,0,0,0
(주)까뮤이앤씨,13700,0,0,0,1,1,0,0,0,0
(주)까스텔바작,308100,0,0,0,0,0,0,0,0,0
(주)나노,187790,0,0,0,0,0,0,0,0,0
(주)나노브릭,286750,0,0,0,0,0,0,0,0,0
(주)나노신소재,121600,0,0,0,0,0,0,0,0,0
(주)나노엔텍,39860,0,0,0,0,0,1,0,0,0
(주)나무가,190510,0,0,0,0,0,0,0,0,1
(주)나스미디어,89600,0,0,0,0,0,1,0,0,0
(주)나이벡,138610,0,0,1,0,0,0,0,0,1
(주)나이스디앤비,130580,0,0,0,0,0,1,1,1,0
(주)나이스홀딩스,34310,0,0,0,0,0,0,0,0,1
(주)나인테크,267320,0,0,0,0,0,0,0,0,0
(주)남선알미늄,8350,0,0,0,0,0,0,0,0,0
(주)남성,4270,0,0,0,0,0,0,0,0,0
(주)내츄럴엔도텍,168330,0,0,0,1,0,0,0,0,0
(주)네오리진,94860,0,1,0,0,0,0,0,0,0
(주)네오셈,253590,0,0,0,0,0,0,0,0,1
(주)네오오토,212560,0,0,0,0,0,0,0,0,0
(주)네오위즈,95660,0,0,0,0,0,0,0,0,1
(주)네오위즈홀딩스,42420,0,1,0,0,1,0,0,1,1
(주)네오크레마,311390,0,0,0,0,0,0,0,0,0
(주)네오티스,85910,0,0,0,0,0,0,0,0,0
(주)네오팜,92730,0,0,0,0,0,0,0,0,0
(주)네오펙트,290660,0,0,0,0,0,0,0,0,1
(주)네온테크,306620,0,0,0,0,0,0,0,0,0
(주)네이블커뮤니케이션즈,153460,0,1,0,0,0,0,0,0,0
(주)네이처셀,7390,0,0,0,1,0,0,1,0,1
(주)네패스,33640,0,1,0,0,0,0,0,0,0
(주)넥센,5720,0,0,0,0,0,0,0,0,0
(주)넥스턴바이오사이언스,89140,0,0,0,0,0,0,0,0,0
(주)넥스트아이,137940,0,0,0,0,0,1,0,0,0
(주)넥스트엔터테인먼트월드,160550,0,0,0,0,1,1,1,0,0
(주)넥슨게임즈,225570,0,0,0,0,0,0,0,1,0
(주)넵튠,217270,0,0,0,0,0,1,1,0,0
(주)노랑풍선,104620,0,0,0,0,0,0,0,0,0
(주)노루페인트,90350,0,0,0,0,0,0,0,0,0
(주)노루홀딩스,320,0,0,0,0,0,0,1,0,0
(주)노바렉스,194700,0,0,0,0,0,0,0,0,0
(주)노바텍,285490,0,0,0,0,0,0,0,0,1
(주)노블엠앤비,106520,0,1,1,0,0,1,0,0,0
(주)노터스,278650,0,0,0,0,0,0,0,0,0
(주)녹십자,6280,0,0,0,0,0,0,0,0,0
(주)녹십자엠에스,142280,0,0,0,0,0,0,0,0,0
(주)녹십자웰빙,234690,0,0,0,0,0,0,0,0,0
(주)녹십자홀딩스,5250,0,0,0,0,1,0,0,0,0
(주)녹원씨엔아이,65560,0,0,0,0,0,0,0,1,0
(주)농심,4370,0,0,0,0,0,0,0,0,0
(주)농심홀딩스,72710,0,0,0,0,0,0,0,0,0
(주)누리플랜,69140,0,0,0,0,0,0,0,0,0
(주)누리플렉스,40160,0,0,0,0,0,1,0,0,0
(주)누보,332290,0,0,0,0,0,0,0,0,0
(주)뉴로스,126870,0,1,0,0,0,0,0,0,0
(주)뉴보텍,60260,0,0,0,0,0,0,0,0,1
(주)뉴인텍,12340,0,0,0,0,0,0,0,0,0
(주)뉴트리,270870,0,0,0,0,0,0,0,0,0
(주)뉴파워프라즈마,144960,0,0,0,0,0,0,0,0,0
(주)뉴프렉스,85670,0,0,0,0,0,0,0,0,0
(주)다나와,119860,0,0,0,0,0,0,0,0,0
(주)다날,64260,0,0,0,0,1,0,0,0,0
(주)다보링크,340360,0,0,0,0,0,0,0,0,0
(주)다산네트웍스,39560,0,0,0,0,0,0,0,0,0
(주)다우기술,23590,0,0,0,0,0,0,0,0,0
(주)다우데이타,32190,0,0,1,0,0,0,0,0,0
(주)다원시스,68240,0,0,0,0,1,0,1,1,1
(주)다이나믹디자인,145210,0,0,0,0,0,0,1,0,0
(주)대교,19680,0,0,0,0,0,0,0,0,0
(주)대구백화점,6370,0,0,0,0,0,0,0,0,0
(주)대덕,8060,0,0,0,1,0,0,0,1,0
(주)대동,490,0,0,0,0,0,0,0,0,0
(주)대동스틸,48470,0,0,0,0,0,0,0,0,0
(주)대륙제관,4780,0,0,0,0,0,0,0,0,0
(주)대림제지,17650,0,0,0,0,0,0,1,0,0
(주)대명소노시즌,7720,0,0,0,0,1,0,0,0,0
(주)대성미생물연구소,36480,0,0,0,0,0,0,0,0,0
(주)대성엘텍,25440,0,0,0,0,0,0,0,0,0
(주)대성파인텍,104040,0,0,0,1,0,0,0,0,0
(주)대양금속,9190,0,0,0,0,0,0,0,0,0
(주)대우건설,47040,0,0,1,0,0,0,0,0,0
(주)대웅,3090,0,0,0,0,0,0,0,0,0
(주)대웅제약,69620,0,0,0,0,0,0,0,0,0
(주)대원,7680,0,0,0,0,0,0,0,0,0
(주)대유,290380,0,0,0,0,0,0,0,0,0
(주)대유에이텍,2880,0,0,0,0,0,0,0,0,0
(주)대유에이피,290120,0,0,0,0,0,0,0,0,0
(주)대유플러스,300,0,0,0,0,0,0,0,1,0
(주)대창,12800,0,0,0,1,0,0,0,0,0
(주)대창솔루션,96350,0,0,0,0,0,0,0,0,0
(주)대창스틸,140520,0,0,0,0,1,0,0,0,0
(주)대한과학,131220,0,0,0,0,0,0,0,0,0
(주)대한항공,3490,0,0,0,0,0,0,0,0,0
(주)대현,16090,0,0,0,0,0,0,0,0,0
(주)대호에이엘,69460,0,0,0,0,0,0,0,0,0
(주)대호특수강,21040,0,1,0,0,0,0,0,0,0
(주)더 미동,161570,0,0,0,1,0,0,0,0,0
(주)더블유게임즈,192080,0,0,0,0,0,0,0,0,0
(주)더블유아이,73570,0,1,0,1,0,0,0,0,1
(주)더블유에스아이,299170,0,0,0,0,0,0,0,0,0
(주)더존비즈온,12510,0,0,0,1,0,0,0,0,0
(주)덕산테코피아,317330,0,0,0,0,0,0,0,0,0
(주)덕성,4830,0,0,0,0,0,0,0,0,0
(주)덕신하우징,90410,0,0,0,0,1,0,0,0,0
(주)데이타솔루션,263800,0,0,0,0,0,0,0,0,0
(주)덱스터스튜디오,206560,0,0,0,0,0,1,0,0,0
(주)덴티스,261200,0,0,0,0,0,0,0,0,0
(주)덴티움,145720,0,0,0,0,0,0,0,0,1
(주)도화엔지니어링,2150,0,0,0,0,0,0,0,0,0
(주)동구바이오제약,6620,0,0,0,0,0,0,0,0,0
(주)동국알앤에스,75970,0,0,0,0,0,0,0,0,0
(주)동국에스엔씨,100130,0,0,1,0,0,0,0,0,0
(주)동남합성,23450,0,0,0,0,0,1,0,0,0
(주)동방,4140,0,0,0,0,0,0,0,0,0
(주)동방선기,99410,0,0,0,0,0,0,0,0,0
(주)동방아그로,7590,0,0,0,0,0,0,0,0,0
(주)동서,26960,0,0,0,0,0,0,0,0,0
(주)동성케미컬,102260,0,0,1,0,1,0,1,0,0
(주)동성화인텍,33500,0,0,1,0,0,0,0,0,1
(주)동아엘텍,88130,0,0,0,0,0,0,0,0,0
(주)동아지질,28100,0,0,0,0,0,0,0,0,0
(주)동양,1520,0,0,0,0,0,0,0,0,0
(주)동양고속,84670,0,0,0,0,0,0,0,0,0
(주)동양에스텍,60380,0,0,0,0,0,0,0,0,0
(주)동우팜투테이블,88910,0,0,0,1,0,0,0,0,0
(주)동운아나텍,94170,0,0,0,0,0,0,0,0,0
(주)동원개발,13120,0,0,0,0,1,0,1,0,0
(주)동원에프앤비,49770,0,0,0,1,0,0,1,0,0
(주)동일기연,32960,0,0,0,0,0,0,0,0,0
(주)동진쎄미켐,5290,0,0,0,0,0,0,0,0,0
(주)두산,150,0,0,1,0,0,0,0,0,0
(주)두산테스나,131970,0,0,0,0,0,0,0,0,0
(주)두올,16740,0,0,0,0,0,0,0,0,0
(주)듀오백,73190,0,0,0,0,0,1,0,0,0
(주)드래곤플라이,30350,0,0,0,0,0,1,0,0,0
(주)드림시큐리티,203650,0,0,0,0,0,0,0,0,0
(주)드림어스컴퍼니,60570,0,0,0,0,1,0,0,0,1
(주)드림텍,192650,0,0,0,0,0,0,0,0,0
(주)디딤,217620,0,0,0,0,0,0,1,0,1
(주)디모아,16670,0,1,1,0,0,0,0,0,0
(주)디바이스이엔지,187870,0,0,0,0,0,0,0,0,0
(주)디비아이엔씨,12030,0,0,0,0,0,0,0,0,0
(주)디스플레이테크,66670,0,0,1,0,0,0,0,0,0
(주)디아이,3160,0,0,0,0,1,0,0,1,0
(주)디아이씨,92200,0,0,0,0,0,0,0,0,0
(주)디아크,78590,0,0,0,0,0,0,0,0,0
(주)디알비동일,4840,0,0,0,0,0,0,0,0,0
(주)디알젬,263690,0,0,0,0,0,0,0,0,0
(주)디알텍,214680,0,0,0,0,0,1,1,0,0
(주)디앤씨미디어,263720,0,0,0,0,0,0,0,0,0
(주)디에스앤엘,141020,0,0,0,0,0,0,0,0,0
(주)디에스케이,109740,0,0,0,0,0,0,1,0,0
(주)디에이테크놀로지,196490,0,0,0,0,1,0,0,1,0
(주)디에이피,66900,0,0,0,0,0,0,0,0,0
(주)디엔에이링크,127120,0,0,1,0,0,0,0,0,0
(주)디엔에프,92070,0,0,0,0,0,0,0,0,0
(주)디엔오토모티브,7340,0,0,0,0,0,0,0,0,0
(주)디엠에스,68790,0,0,0,0,0,0,0,0,0
(주)디오,39840,0,0,0,0,0,1,1,0,0
(주)디와이디,219550,0,0,0,0,0,0,1,0,0
(주)디이엔티,79810,0,0,0,0,1,1,1,0,0
(주)디지아이,43360,0,0,0,0,0,0,0,0,0
(주)디지캡,197140,0,0,0,0,0,0,0,0,0
(주)디지털대성,68930,0,0,0,0,0,0,0,0,0
(주)디지틀조선일보,33130,0,0,0,0,0,0,0,0,0
(주)디케이앤디,263020,0,0,0,0,0,0,0,0,0
(주)디케이티,290550,0,0,0,0,0,0,0,0,0
(주)디티앤씨,187220,0,0,0,0,0,1,0,0,0
(주)딜리,131180,0,0,0,0,0,0,0,0,0
(주)라닉스,317120,0,0,0,0,0,0,0,0,0
(주)라온테크,232680,0,0,0,0,0,1,0,0,0
(주)라이온켐텍,171120,0,0,0,0,0,0,0,0,0
(주)라이트론,69540,0,0,0,0,0,1,0,0,0
(주)라파스,214260,0,0,0,0,0,0,0,0,0
(주)락앤락,115390,0,0,0,0,0,0,0,1,1
(주)랩지노믹스,84650,0,0,0,0,0,0,0,0,0
(주)러셀,217500,0,0,0,0,0,0,0,1,0
(주)레고켐바이오사이언스,141080,0,0,0,0,1,0,0,0,0
(주)레드로버,60300,0,0,1,0,0,1,0,0,0
(주)레드캡투어,38390,0,0,0,0,0,0,0,0,0
(주)레이,228670,0,0,0,0,0,0,0,0,0
(주)레이언스,228850,0,0,0,0,0,0,0,0,0
(주)레이크머티리얼즈,281740,0,0,0,0,0,0,0,0,0
(주)로보로보,215100,0,0,0,0,0,0,1,0,0
(주)로보스타,90360,0,0,0,0,0,0,0,0,0
(주)로보티즈,108490,0,0,0,0,0,0,0,0,0
(주)로지시스,67730,0,0,0,0,0,0,0,0,0
(주)루멘스,38060,0,0,0,0,0,0,0,0,0
(주)루트로닉,85370,0,0,0,0,0,0,0,0,0
(주)룽투코리아,60240,0,0,0,0,0,1,0,0,0
(주)리노스,39980,0,0,0,1,0,0,0,0,0
(주)리더스코스메틱,16100,0,1,1,1,0,0,0,1,0
(주)리드,197210,0,0,0,0,0,1,0,1,0
(주)리드코프,12700,0,0,0,0,0,0,0,0,0
(주)리메드,302550,0,0,0,0,0,0,0,0,0
(주)링네트,42500,0,0,0,0,0,0,0,0,0
(주)링크제니시스,219420,0,0,0,0,0,0,0,0,0
(주)마니커,27740,0,1,0,0,0,0,0,0,0
(주)마니커에프앤지,195500,0,0,0,0,0,0,0,0,0
(주)마이크로디지탈,305090,0,0,0,0,0,0,0,0,0
(주)마이크로컨텍솔루션,98120,0,0,0,0,1,0,0,0,0
(주)마이크로프랜드,147760,0,0,0,0,0,0,0,0,0
(주)마크로젠,38290,0,0,0,0,0,0,0,0,0
(주)만도,204320,0,0,0,0,0,0,0,0,0
(주)매직마이크로,127160,0,0,0,0,0,0,0,1,0
(주)매커스,93520,0,0,0,0,0,0,0,0,0
(주)머큐리,100590,0,0,0,0,0,0,0,0,0
(주)멀티캠퍼스,67280,0,1,1,1,1,0,0,0,0
(주)메드팩토,235980,0,0,0,0,0,0,0,0,0
(주)메디아나,41920,0,0,0,0,0,1,0,0,0
(주)메디콕스,54180,0,0,0,0,0,0,1,1,0
(주)메디톡스,86900,0,0,0,1,1,1,1,0,0
(주)메디프론디비티,65650,0,0,0,0,0,0,0,0,0
(주)메지온,140410,0,1,0,1,1,0,1,0,1
(주)메카로,241770,0,0,0,0,0,0,0,0,0
(주)메타랩스,90370,0,0,0,0,0,0,0,0,1
(주)메타바이오메드,59210,0,0,0,0,0,0,0,0,0
(주)멕아이씨에스,58110,0,0,0,0,0,0,0,0,0
(주)멜파스,96640,0,0,0,0,0,0,0,0,0
(주)모나리자,12690,0,0,0,0,0,0,0,0,0
(주)모나미,5360,0,0,0,0,0,0,0,0,0
(주)모다이노칩,80420,0,1,0,0,0,1,0,0,0
(주)모두투어네트워크,80160,0,0,0,0,0,0,0,0,0
(주)모바일리더,100030,0,0,0,0,0,0,0,0,0
(주)모베이스,101330,0,0,0,0,1,0,1,0,0
(주)모베이스전자,12860,0,0,0,0,0,0,0,0,0
(주)모비스,250060,0,0,0,0,0,0,1,0,0
(주)모아텍,33200,0,0,0,0,0,0,0,0,0
(주)모토닉,9680,0,0,0,1,0,0,0,0,0
(주)모헨즈,6920,0,0,0,0,0,0,0,0,0
(주)무학,33920,0,0,0,1,0,1,0,0,0
(주)미래생명자원,218150,0,0,0,0,0,0,1,0,0
(주)미래아이앤지,7120,0,1,0,0,0,0,0,0,0
(주)미래컴퍼니,49950,0,1,0,0,0,0,0,0,0
(주)미코,59090,0,0,0,0,0,0,1,0,0
(주)미투온,201490,0,0,0,0,0,0,0,0,0
(주)바른손,18700,0,0,0,0,0,0,0,1,1
(주)바른손이앤에이,35620,0,0,0,1,0,0,0,0,1
(주)바른전자,64520,0,0,0,0,1,0,0,0,0
(주)바이넥스,53030,0,0,0,0,0,0,0,0,0
(주)바이오니아,64550,0,0,0,0,0,1,0,0,0
(주)바이오로그디바이스,208710,0,0,0,0,1,0,0,0,0
(주)바이오솔루션,86820,0,0,0,0,0,0,0,0,0
(주)바이오스마트,38460,0,0,0,0,0,0,0,0,0
(주)바이오톡스텍,86040,0,0,0,0,0,0,0,0,0
(주)바텍,43150,0,1,1,0,0,0,0,1,0
(주)방림,3610,0,0,0,0,0,0,0,0,0
(주)배럴,267790,0,0,0,0,0,0,0,0,0
(주)백금티앤에이,46310,0,0,0,0,0,0,0,1,0
(주)백산,35150,0,0,0,0,0,0,0,0,0
(주)버킷스튜디오,66410,0,0,0,0,0,0,0,0,0
(주)베노홀딩스,206400,0,0,0,0,0,1,1,0,0
(주)베셀,177350,0,0,0,0,0,0,1,0,0
(주)베스파,299910,0,0,0,0,0,0,0,0,1
(주)벽산,7210,0,0,0,0,0,0,0,0,0
(주)보광산업,225530,0,0,0,0,0,0,0,1,0
(주)보라티알,250000,0,0,0,0,0,0,0,0,0
(주)보락,2760,0,0,0,0,0,0,0,0,0
(주)보령,3850,0,0,0,0,0,0,0,0,0
(주)본느,226340,0,0,0,0,0,0,0,1,1
(주)부-스타,8470,0,0,0,0,0,0,0,1,0
(주)부방,14470,0,0,1,0,0,0,0,0,0
(주)뷰웍스,100120,0,1,0,1,0,0,0,0,0
(주)브리지텍,64480,0,0,0,0,0,0,0,0,0
(주)브이원텍,251630,0,0,0,0,0,0,0,0,0
(주)브이티지엠피,18290,0,0,0,0,0,0,0,0,1
(주)블루베리엔에프티,44480,0,0,0,0,0,0,0,0,0
(주)블루콤,33560,0,0,0,1,1,1,0,0,0
(주)비덴트,121800,0,1,1,0,0,0,0,0,0
(주)비보존헬스케어,82800,0,0,1,0,0,0,0,0,0
(주)비비안,2070,0,0,0,0,0,0,0,0,0
(주)비상교육,100220,0,0,0,0,0,0,0,0,0
(주)비씨월드제약,200780,0,0,0,0,1,0,0,0,0
(주)비아트론,141000,0,1,0,0,0,0,0,0,0
(주)비에이치,90460,0,1,1,0,0,1,1,0,0
(주)비엔지티,32790,0,0,0,0,0,1,0,0,0
(주)비엘,142760,0,0,0,0,0,0,0,0,0
(주)비엘팜텍,65170,0,1,1,0,1,0,0,0,0
(주)비엠티,86670,0,0,1,0,0,0,0,0,0
(주)비올,335890,0,0,0,0,0,0,0,0,0
(주)비와이씨,1460,0,0,1,0,0,0,0,0,0
(주)비즈니스온커뮤니케이션,138580,0,0,0,0,0,0,0,0,0
(주)비지에프,27410,0,0,0,0,0,0,0,0,0
(주)비지에프리테일,282330,0,0,0,0,0,0,0,0,0
(주)비츠로셀,82920,0,0,0,0,0,0,0,0,0
(주)비츠로시스,54220,0,0,0,0,0,0,0,0,0
(주)비츠로테크,42370,0,0,0,1,0,0,1,0,0
(주)비케이홀딩스,50090,0,0,0,0,0,0,0,0,0
(주)비투엔,307870,0,0,0,0,0,0,0,0,0
(주)비트컴퓨터,32850,0,0,0,0,0,0,0,0,0
(주)비피도,238200,0,0,0,0,0,0,0,0,0
(주)빅솔론,93190,0,0,0,0,0,0,0,0,0
(주)빅텍,65450,0,0,0,0,0,0,0,0,0
(주)빙그레,5180,0,0,0,0,0,0,0,0,0
(주)사람인에이치알,143240,0,1,0,0,0,0,0,0,0
(주)사조대림,3960,0,0,0,0,0,0,0,0,1
(주)사조오양,6090,0,0,0,0,1,1,0,0,0
(주)삼기,122350,0,1,0,1,0,0,0,0,0
(주)삼보판지,23600,0,0,0,0,0,0,0,0,0
(주)삼성출판사,68290,0,0,0,0,0,0,1,1,0
(주)삼양사,145990,0,0,0,0,0,1,0,0,0
(주)삼양옵틱스,225190,0,0,0,0,0,0,0,0,0
(주)삼양패키징,272550,0,0,0,0,0,0,0,0,0
(주)삼양홀딩스,70,0,0,0,0,0,0,0,0,0
(주)삼에스코리아,60310,0,0,1,0,0,0,0,0,0
(주)삼원강재,23000,0,0,0,0,0,0,0,0,0
(주)삼익악기,2450,0,0,0,0,1,0,0,0,0
(주)삼일,32280,0,0,0,0,0,0,0,0,0
(주)삼일기업공사,2290,0,0,0,0,0,0,1,0,0
(주)삼일씨엔에스,4440,0,0,0,0,0,0,0,0,0
(주)삼진,32750,0,0,0,0,0,0,0,0,0
(주)삼진엘앤디,54090,0,0,0,0,0,1,0,0,0
(주)삼천리,4690,0,0,0,0,0,0,0,0,0
(주)삼표시멘트,38500,0,0,0,0,0,0,0,0,0
(주)삼화네트웍스,46390,0,0,1,0,0,0,0,0,0
(주)상보,27580,0,0,1,0,0,0,0,0,0
(주)상상인,38540,0,0,0,0,0,0,0,0,0
(주)상상인인더스트리,101000,0,0,1,1,0,0,0,0,0
(주)상아프론테크,89980,0,0,0,0,0,1,0,0,0
(주)상지카일룸,42940,0,0,0,0,0,0,1,0,0
(주)새로닉스,42600,0,0,0,0,1,0,0,1,0
(주)서린바이오사이언스,38070,0,0,0,0,0,0,0,0,0
(주)서부티엔디,6730,0,0,0,0,0,0,1,0,0
(주)서산,79650,0,0,0,0,0,0,0,0,0
(주)서연,7860,0,0,0,0,1,0,0,1,0
(주)서연이화,200880,0,0,0,0,0,0,0,0,0
(주)서연탑메탈,19770,0,0,0,0,0,0,0,0,0
(주)서울리거,43710,0,1,1,0,0,1,0,0,0
(주)서울옥션,63170,0,0,0,1,1,0,1,1,0
(주)서울제약,18680,0,0,0,0,0,0,0,0,0
(주)서원,21050,0,0,0,0,0,0,0,0,0
(주)서원인텍,93920,0,0,0,0,0,0,0,0,0
(주)서전기전,189860,0,0,0,0,0,0,0,1,1
(주)서진시스템,178320,0,0,0,0,0,0,0,0,1
(주)서진오토모티브,122690,0,1,0,0,0,0,0,0,0
(주)서플러스글로벌,140070,0,0,0,0,0,0,0,0,0
(주)서한,11370,0,0,0,1,0,0,0,1,0
(주)서흥,8490,0,1,0,0,0,0,0,0,0
(주)서희건설,35890,0,0,0,0,0,0,0,0,0
(주)선광,3100,0,0,0,0,0,0,0,0,0
(주)선앤엘,2820,0,0,0,0,0,0,0,0,0
(주)선익시스템,171090,0,0,0,0,0,0,0,0,0
(주)선진,136490,0,0,0,0,0,0,0,0,0
(주)성광벤드,14620,0,0,0,0,0,0,0,0,0
(주)성도이엔지,37350,0,0,0,0,0,0,0,0,0
(주)성안,11300,0,0,0,0,0,0,0,0,0
(주)성우하이텍,15750,0,0,0,0,0,0,0,0,0
(주)성창오토텍,80470,0,1,1,0,0,0,0,0,0
(주)세경하이테크,148150,0,0,0,0,0,0,0,0,0
(주)세동,53060,0,0,0,0,0,0,0,0,0
(주)세림비앤지,340440,0,0,0,0,0,0,0,0,0
(주)세보엠이씨,11560,0,0,0,0,0,0,0,0,0
(주)세아베스틸지주,1430,0,0,0,0,0,0,0,0,0
(주)세아제강,306200,0,0,0,0,0,0,0,0,0
(주)세아제강지주,3030,0,0,0,0,0,0,0,0,1
(주)세아특수강,19440,0,0,0,0,0,0,0,0,0
(주)세아홀딩스,58650,0,0,1,0,0,0,0,1,0
(주)세우글로벌,13000,0,0,0,0,0,0,0,0,0
(주)세운메디칼,100700,0,0,0,0,0,0,0,0,0
(주)세원물산,24830,0,0,0,0,0,0,0,0,0
(주)세원정공,21820,0,0,0,0,0,0,0,0,0
(주)세이브존아이앤씨,67830,0,0,0,0,0,0,0,0,0
(주)세종메디칼,258830,0,0,0,0,0,0,0,0,0
(주)세중,39310,0,0,0,0,0,0,0,0,0
(주)세진중공업,75580,0,0,0,0,0,0,0,0,0
(주)세진티에스,67770,0,0,0,0,0,0,0,0,0
(주)세코닉스,53450,0,1,1,0,0,0,0,0,1
(주)세토피아,222810,0,0,0,0,0,1,1,0,0
(주)세화피앤씨,252500,0,0,0,0,0,0,1,0,0
(주)센트랄모텍,308170,0,0,0,0,0,0,0,0,0
(주)센트럴인사이트,12600,0,0,0,1,0,0,0,0,0
(주)셀루메드,49180,0,1,0,0,0,1,0,0,0
(주)셀리드,299660,0,0,0,0,0,0,0,0,0
(주)셀리버리,268600,0,0,0,0,0,0,0,0,1
(주)셀바스에이아이,108860,0,0,0,0,0,0,0,1,0
(주)셀바스헬스케어,208370,0,0,0,0,0,0,0,0,0
(주)셀트리온,68270,0,0,0,0,0,0,0,0,0
(주)셀트리온제약,68760,0,1,0,0,1,1,0,0,0
(주)셀트리온헬스케어,91990,0,0,0,0,0,0,0,0,0
(주)셀피글로벌,68940,0,1,0,0,0,0,0,0,0
(주)소프트센,32680,0,0,1,1,0,0,0,0,0
(주)손오공,66910,0,0,0,0,0,1,0,0,0
(주)솔고바이오메디칼,43100,0,0,0,0,0,0,0,0,0
(주)솔루에타,154040,0,0,0,0,0,0,1,0,0
(주)솔본,35610,0,1,0,0,0,0,0,1,1
(주)쇼박스,86980,0,0,0,0,0,0,0,0,0
(주)수산아이앤티,50960,0,0,0,0,0,0,0,0,0
(주)수산중공업,17550,0,0,0,0,0,0,0,0,0
(주)수젠텍,253840,0,0,0,0,0,0,0,0,0
(주)슈프리마,236200,0,0,0,0,0,0,0,0,0
(주)슈프리마아이디,317770,0,0,0,0,0,0,0,0,0
(주)슈프리마에이치큐,94840,0,0,1,1,1,0,0,0,0
(주)슈피겐코리아,192440,0,0,0,0,1,1,0,1,1
(주)스마트솔루션즈,136510,0,0,0,0,0,0,1,1,0
(주)스맥,99440,0,0,0,0,0,0,0,0,0
(주)스카이문스테크놀로지,33790,0,0,0,0,0,0,0,0,0
(주)스킨앤스킨,159910,0,1,1,1,0,0,0,0,1
(주)스타플렉스,115570,0,0,0,0,0,0,0,0,0
(주)스튜디오산타클로스엔터테인먼트,204630,0,0,0,0,1,1,0,0,1
(주)스페코,13810,0,0,0,0,0,0,0,0,0
(주)승일,49830,0,0,0,0,0,0,0,0,0
(주)시공테크,20710,0,0,0,0,0,1,0,0,0
(주)시너지이노베이션,48870,0,0,0,0,0,1,1,0,0
(주)시노펙스,25320,0,1,0,0,0,0,0,0,0
(주)시디즈,134790,0,0,0,0,0,0,0,1,1
(주)시스웍,269620,0,0,0,0,0,0,0,0,0
(주)시큐브,131090,0,0,0,0,0,0,0,0,0
(주)시티랩스,139050,0,0,0,0,0,0,0,1,0
(주)신도리코,29530,0,0,0,0,0,0,0,0,0
(주)신성이엔지,11930,0,0,0,1,0,1,0,0,0
(주)신세계,4170,0,0,0,0,0,0,0,0,0
(주)신세계아이앤씨,35510,0,0,0,0,0,0,0,0,0
(주)신세계인터내셔날,31430,0,0,0,0,0,0,0,0,0
(주)신세계푸드,31440,0,0,1,1,0,0,0,0,0
(주)신영와코루,5800,0,0,0,0,0,0,0,0,0
(주)신원,9270,0,0,0,0,0,0,0,0,0
(주)신진에스엠,138070,0,1,0,0,0,0,0,0,0
(주)신테카바이오,226330,0,0,0,0,0,0,0,0,0
(주)신화다이나믹스,1770,0,0,0,0,0,0,0,0,0
(주)신화콘텍,187270,0,0,0,0,0,0,0,0,1
(주)신흥,4080,0,0,0,0,0,0,0,0,0
(주)심텍,222800,0,0,0,0,0,0,0,0,0
(주)심텍홀딩스,36710,0,0,0,0,0,0,0,1,0
(주)싸이맥스,160980,0,0,0,0,0,1,1,0,0
(주)싸이토젠,217330,0,0,0,0,0,0,0,0,1
(주)쌍방울,102280,0,0,0,0,0,0,0,0,0
(주)썸에이지,208640,0,0,0,0,0,1,1,0,0
(주)쎄노텍,222420,0,0,0,0,0,0,0,1,0
(주)쎄니트,37760,0,1,0,1,1,0,1,0,0
(주)쎄트렉아이,99320,0,0,0,0,0,0,0,0,0
(주)쎌마테라퓨틱스,15540,0,0,1,0,1,0,1,0,0
(주)쎌바이오텍,49960,0,0,0,0,0,0,0,0,0
(주)쏠리드,50890,0,0,0,1,0,0,0,0,0
(주)씨씨에스충북방송,66790,0,0,0,0,0,0,0,0,0
(주)씨아이테크,4920,0,1,1,0,1,0,1,1,0
(주)씨에스,65770,0,0,0,1,1,0,0,0,0
(주)씨에스에이코스믹,83660,0,0,0,0,0,1,0,0,0
(주)씨엔플러스,115530,0,0,0,0,0,0,0,0,0
(주)씨유메디칼시스템,115480,0,0,0,0,0,1,0,0,0
(주)씨제이이엔엠,35760,0,0,0,0,0,0,0,1,0
(주)씨젠,96530,0,1,0,0,0,0,1,0,0
(주)씨티씨바이오,60590,0,0,0,1,0,0,0,0,0
(주)씨티케이,260930,0,0,0,0,0,0,0,1,0
(주)아가방앤컴퍼니,13990,0,0,0,0,0,0,0,0,0
(주)아나패스,123860,0,0,1,0,0,0,0,0,0
(주)아난티,25980,0,0,0,0,1,1,0,0,1
(주)아리온테크놀로지,58220,0,0,0,0,0,0,0,0,0
(주)아모그린텍,125210,0,0,0,0,0,0,0,0,0
(주)아모레퍼시픽,90430,0,0,0,0,0,0,0,0,0
(주)아모레퍼시픽그룹,2790,0,1,1,0,1,1,0,0,0
(주)아모텍,52710,0,1,0,0,0,0,0,0,0
(주)아미노로직스,74430,0,1,0,0,0,0,0,0,0
(주)아바코,83930,0,0,0,0,0,1,0,0,0
(주)아바텍,149950,0,1,0,0,0,1,0,0,0
(주)아세아텍,50860,0,0,0,0,0,0,0,0,0
(주)아센디오,12170,0,1,0,0,0,1,1,1,0
(주)아스타,246720,0,0,0,0,0,0,0,0,0
(주)아스트,67390,0,0,0,0,0,0,0,0,0
(주)아시아경제,127710,0,0,0,0,0,0,1,0,0
(주)아우딘퓨쳐스,227610,0,0,0,0,0,0,0,1,0
(주)아이디스,143160,0,0,0,0,0,0,0,0,0
(주)아이디스홀딩스,54800,0,1,0,0,1,0,0,0,0
(주)아이마켓코리아,122900,0,0,0,0,0,0,0,0,0
(주)아이비김영,339950,0,0,0,0,0,0,0,0,0
(주)아이센스,99190,0,0,0,0,0,1,0,0,0
(주)아이스크림에듀,289010,0,0,0,0,0,0,0,0,0
(주)아이씨디,40910,0,0,0,0,0,1,0,0,0
(주)아이앤씨테크놀로지,52860,0,0,1,0,0,0,0,0,0
(주)아이에스시,95340,0,1,0,1,0,1,1,1,0
(주)아이에스이커머스,69920,0,0,0,0,0,0,0,0,0
(주)아이에이,38880,0,0,0,0,0,0,0,0,0
(주)아이에이치큐,3560,0,0,0,0,1,0,0,0,0
(주)아이엘사이언스,307180,0,0,0,0,0,0,0,0,0
(주)아이엠,101390,0,0,0,0,0,0,0,0,0
(주)아이엠비씨,52220,0,0,0,0,0,0,0,0,0
(주)아이오케이컴퍼니,78860,0,0,0,0,0,0,0,0,0
(주)아이윈,90150,0,0,0,0,0,0,0,0,0
(주)아이윈플러스,123010,0,0,0,0,0,0,0,0,0
(주)아이즈비전,31310,0,0,0,1,0,0,0,0,0
(주)아이컴포넌트,59100,0,0,0,0,0,0,0,0,0
(주)아이톡시,52770,0,0,0,1,0,1,0,0,0
(주)아이티센,124500,0,0,0,0,0,1,0,0,0
(주)아이티엑스에이아이,99520,0,0,0,0,0,0,0,0,0
(주)아이티엠반도체,84850,0,0,0,0,0,0,0,0,0
(주)아즈텍더블유비이,32080,0,0,0,0,0,0,0,0,0
(주)아진엑스텍,59120,0,0,0,0,0,0,0,0,0
(주)아톤,158430,0,0,0,0,0,0,0,0,0
(주)아프리카티비,67160,0,1,0,0,1,0,0,0,0
(주)안랩,53800,0,1,0,0,0,0,0,0,0
(주)안트로젠,65660,0,0,0,0,0,0,1,0,0
(주)알로이스,297570,0,0,0,0,0,0,0,0,1
(주)알루코,1780,0,0,0,0,1,0,0,0,0
(주)알에프세미,96610,0,0,1,0,0,0,0,0,0
(주)알에프텍,61040,0,1,0,0,0,0,0,0,1
(주)알엔투테크놀로지,148250,0,0,0,0,0,0,1,1,0
(주)알테오젠,196170,0,0,0,0,1,1,0,0,0
(주)알톤스포츠,123750,0,0,0,0,1,0,0,0,0
(주)알티캐스트,85810,0,0,0,0,0,0,0,0,0
(주)알파홀딩스,117670,0,0,1,0,1,0,0,0,0
(주)애니플러스,310200,0,0,0,0,0,0,0,0,0
(주)애드바이오텍,179530,0,0,0,0,0,0,0,0,0
(주)액션스퀘어,205500,0,0,0,0,1,1,0,0,0
(주)액토즈소프트,52790,0,0,1,0,0,0,1,1,0
(주)액트로,290740,0,0,0,0,0,0,0,0,1
(주)앤디포스,238090,0,0,0,0,0,0,0,0,0
(주)앤씨앤,92600,0,0,0,0,0,0,0,0,0
(주)야스,255440,0,0,0,0,0,0,0,0,0
(주)양지사,30960,0,0,0,0,0,0,0,0,0
(주)어스앤에어로스페이스,263540,0,0,0,0,0,0,0,0,0
(주)얼라인드제네틱스,238120,0,0,0,0,0,0,0,0,0
(주)에너토크,19990,0,0,0,0,0,0,0,0,0
(주)에넥스,11090,0,0,0,0,0,0,0,0,0
(주)에스디생명공학,217480,0,0,0,0,0,0,0,1,1
(주)에스디시스템,121890,0,0,0,0,1,1,0,0,0
(주)에스비에스,34120,0,0,0,0,1,0,0,0,0
(주)에스비에스콘텐츠허브,46140,0,0,0,0,0,0,0,0,1
(주)에스씨디,42110,0,0,0,0,0,0,0,0,0
(주)에스아이리소스,65420,0,0,0,0,0,0,1,0,1
(주)에스앤더블류,103230,0,0,0,0,0,0,0,0,0
(주)에스앤에스텍,101490,0,0,0,0,0,0,0,0,0
(주)에스에너지,95910,0,0,0,0,0,0,0,0,0
(주)에스에스알,275630,0,0,0,0,0,0,0,0,0
(주)에스에이엠티,31330,0,0,0,0,0,0,0,0,0
(주)에스에이티,60540,0,0,1,0,1,0,0,0,0
(주)에스에프에이,56190,0,0,0,0,0,0,0,0,0
(주)에스에프에이반도체,36540,0,0,0,0,0,0,0,0,0
(주)에스엘바이오닉스,214310,0,0,0,0,0,1,0,0,0
(주)에스엠라이프디자인그룹,63440,0,0,0,0,0,1,0,0,0
(주)에스엠벡셀,10580,0,0,0,0,0,0,0,0,0
(주)에스엠엔터테인먼트,41510,0,1,0,0,0,1,0,0,0
(주)에스엠컬처앤콘텐츠,48550,0,0,1,0,0,0,0,1,0
(주)에스엠코어,7820,0,0,0,0,0,0,0,1,0
(주)에스원,12750,0,0,0,0,0,0,0,0,0
(주)에스제이그룹,306040,0,0,0,0,0,0,0,0,0
(주)에스제이엠,123700,0,0,0,0,0,0,0,0,0
(주)에스제이엠홀딩스,25530,0,0,1,0,0,1,0,0,0
(주)에스지글로벌,1380,0,0,0,0,0,0,1,0,0
(주)에스지세계물산,4060,0,0,0,0,0,0,0,0,0
(주)에스지엔지,40610,0,0,1,0,0,0,0,0,0
(주)에스코넥,96630,0,0,0,0,0,0,0,0,0
(주)에스텍파마,41910,0,0,0,0,0,0,0,0,0
(주)에스티아이,39440,0,0,0,0,0,0,0,0,0
(주)에스티오,98660,0,0,0,0,0,0,0,0,0
(주)에스티큐브,52020,0,0,0,0,0,0,1,0,0
(주)에스폴리텍,50760,0,0,0,0,0,0,0,0,0
(주)에스피시스템스,317830,0,0,0,0,0,0,0,0,0
(주)에스피씨삼립,5610,0,0,0,1,0,0,1,1,0
(주)에스피지,58610,0,0,0,0,0,1,0,0,0
(주)에쎈테크,43340,0,0,0,0,0,0,0,0,0
(주)에이디칩스,54630,0,0,0,0,0,1,0,1,0
(주)에이디테크놀로지,200710,0,0,0,0,0,0,0,0,0
(주)에이루트,96690,0,0,0,0,0,0,0,0,0
(주)에이블씨엔씨,78520,0,0,0,0,0,0,0,0,0
(주)에이비프로바이오,195990,0,0,0,0,0,1,0,0,0
(주)에이스침대,3800,0,0,0,0,0,0,0,0,0
(주)에이스테크놀로지,88800,0,0,0,1,0,0,0,0,0
(주)에이스토리,241840,0,0,0,0,0,0,0,0,0
(주)에이엔피,15260,0,0,0,0,0,0,0,0,0
(주)에이치비테크놀러지,78150,0,0,1,0,0,1,0,0,0
(주)에이치시티,72990,0,0,0,0,0,0,0,0,1
(주)에이치알에스,36640,0,0,0,0,0,0,0,0,0
(주)에이치앤비디자인,227100,0,0,0,0,0,0,0,0,1
(주)에이치엘사이언스,239610,0,0,0,0,0,0,0,0,0
(주)에이치케이,44780,0,0,0,0,0,0,0,0,0
(주)에이텍,45660,0,0,0,0,0,0,0,0,0
(주)에이텍티앤,224110,0,0,0,0,0,0,0,1,0
(주)에이트원,230980,0,0,0,0,0,0,0,0,0
(주)에이티세미콘,89530,0,0,0,1,0,0,0,1,0
(주)에이팩트,200470,0,0,0,0,0,0,0,1,0
(주)에이프로젠,7460,0,0,0,0,0,0,0,0,0
(주)에이프로젠헬스케어앤게임즈,109960,0,0,0,0,1,0,0,0,0
(주)에치에프알,230240,0,0,0,0,0,0,0,1,0
(주)에코마케팅,230360,0,0,0,0,0,0,0,1,1
(주)에코프로,86520,0,0,0,0,1,0,0,1,1
(주)에코프로비엠,247540,0,0,0,0,0,0,0,0,0
(주)에프알텍,73540,0,0,0,0,0,0,0,0,0
(주)에프앤리퍼블릭,64090,0,0,0,0,0,0,0,0,0
(주)에프앤에프홀딩스,7700,0,0,0,0,0,0,1,1,0
(주)에프에스엔,214270,0,0,0,0,0,1,0,1,0
(주)에프에스티,36810,0,0,0,0,1,0,0,0,0
(주)에프엔씨엔터테인먼트,173940,0,0,0,0,1,0,0,0,1
(주)엑사이엔씨,54940,0,0,0,0,0,1,0,0,0
(주)엑세스바이오인코퍼레이션,950130,0,0,0,1,0,0,0,0,0
(주)엑셈,205100,0,0,0,0,1,1,0,0,0
(주)엑시콘,92870,0,0,0,0,0,0,0,0,0
(주)엔바이오니아,317870,0,0,0,0,0,0,0,0,0
(주)엔씨소프트,36570,0,0,0,0,0,0,0,0,0
(주)엔아이스틸,8260,0,0,0,0,0,0,0,0,0
(주)엔에스,217820,0,0,0,0,0,0,0,0,1
(주)엔에스엔,31860,0,0,1,0,0,1,0,0,1
(주)엔에이치엔벅스,104200,0,0,0,1,0,0,0,0,0
(주)엔이능률,53290,0,0,0,0,0,0,1,0,0
(주)엔지스테크널러지,208860,0,0,0,0,0,0,0,1,0
(주)엔지켐생명과학,183490,0,0,0,0,0,0,0,0,0
(주)엔케이,85310,0,0,0,0,0,0,0,0,0
(주)엔케이맥스,182400,0,0,0,0,0,0,0,0,1
(주)엔텔스,69410,0,1,0,0,0,0,0,0,0
(주)엔투텍,227950,0,0,0,0,0,0,0,1,0
(주)엔피,291230,0,0,0,0,0,0,0,0,0
(주)엔피케이,48830,0,0,0,0,1,0,0,0,0
(주)엘디티,96870,0,0,0,0,0,0,0,0,0
(주)엘아이에스,138690,0,0,0,0,0,0,0,0,0
(주)엘앤씨바이오,290650,0,0,0,0,0,0,0,0,0
(주)엘앤에프,66970,0,0,0,0,0,1,0,0,0
(주)엘앤케이바이오메드,156100,0,0,0,0,0,0,0,0,0
(주)엘에스,6260,0,0,0,0,0,0,0,0,0
(주)엘에스네트웍스,680,0,0,0,0,0,0,0,0,0
(주)엘에프,93050,0,0,0,0,0,0,0,0,0
(주)엘엑스세미콘,108320,0,0,0,0,1,0,0,0,0
(주)엘엑스인터내셔널,1120,0,0,0,0,0,0,0,0,0
(주)엘엑스하우시스,108670,0,0,0,0,0,0,0,0,0
(주)엘엠에스,73110,0,0,0,0,0,0,0,0,0
(주)엘오티베큠,83310,0,0,0,0,0,0,0,0,0
(주)엘지,3550,0,0,0,0,0,0,0,0,1
(주)엘지생활건강,51900,0,0,0,0,0,0,0,0,0
(주)엘지유플러스,32640,0,0,0,0,0,0,0,1,0
(주)엘지헬로비전,37560,0,1,0,0,0,0,0,0,0
(주)엘지화학,51910,0,0,0,0,0,0,0,0,0
(주)엠게임,58630,0,0,0,0,0,1,0,0,0
(주)엠디에스테크,86960,0,0,0,0,0,0,0,0,0
(주)엠씨넥스,97520,0,0,0,0,0,0,0,0,0
(주)엠아이텍,179290,0,0,0,0,0,0,0,0,0
(주)엠에스씨,9780,0,0,0,0,1,0,0,1,0
(주)엠에스오토텍,123040,0,0,0,0,0,0,0,0,0
(주)엠투엔,33310,0,0,0,0,0,0,0,0,0
(주)엠플러스,259630,0,0,0,0,0,0,0,1,1
(주)엠피대산,65150,0,0,0,0,0,0,1,0,0
(주)연우,115960,0,0,0,0,0,0,0,0,0
(주)연이비앤티,90740,0,1,0,0,0,0,0,0,0
(주)영우디에스피,143540,0,0,0,0,0,1,0,0,0
(주)영원무역,111770,0,0,0,0,0,0,0,0,0
(주)영원무역홀딩스,9970,0,1,0,0,1,0,1,0,1
(주)영풍,670,0,0,0,0,0,0,0,0,0
(주)영흥,12160,0,0,0,1,1,1,0,0,0
(주)예림당,36000,0,0,1,1,1,1,1,1,0
(주)예선테크,250930,0,0,0,0,0,0,0,0,1
(주)예스코홀딩스,15360,0,0,0,0,0,0,0,0,0
(주)예스티,122640,0,0,0,0,0,1,1,0,0
(주)오공,45060,0,0,0,0,0,0,0,0,0
(주)오디텍,80520,0,0,0,1,0,0,0,0,0
(주)오뚜기,7310,0,1,0,0,0,0,0,0,0
(주)오르비텍,46120,0,0,0,1,0,1,1,0,0
(주)오리엔탈정공,14940,0,0,0,0,0,0,0,1,0
(주)오리엔트바이오,2630,0,0,0,0,0,1,0,0,0
(주)오리엔트정공,65500,0,0,0,0,0,0,0,0,0
(주)오리온,271560,0,0,0,0,0,0,0,0,0
(주)오리온홀딩스,1800,0,0,0,0,0,0,0,0,0
(주)오리콤,10470,0,0,0,0,0,0,0,0,0
(주)오스코텍,39200,0,0,0,0,0,0,0,0,0
(주)오스테오닉,226400,0,0,0,0,0,0,0,0,1
(주)오스템,31510,0,0,0,0,0,0,0,0,0
(주)오이솔루션,138080,0,0,0,0,0,0,0,0,0
(주)오킨스전자,80580,0,0,0,0,0,0,0,0,0
(주)오텍,67170,0,0,0,0,0,0,0,0,0
(주)오파스넷,173130,0,0,0,0,0,0,0,0,0
(주)오픈베이스,49480,0,0,1,0,0,0,0,0,1
(주)오하임아이엔티,309930,0,0,0,0,0,0,0,0,0
(주)옵투스제약,131030,0,0,1,0,1,1,0,0,0
(주)옵트론텍,82210,0,1,1,0,0,0,0,0,1
(주)옵티팜,153710,0,0,0,0,0,0,0,0,0
(주)와이비엠넷,57030,0,0,0,0,0,0,0,0,0
(주)와이솔,122990,0,1,1,1,0,1,0,0,0
(주)와이어블,65530,0,1,0,0,0,0,0,0,1
(주)와이엔텍,67900,0,0,0,0,0,0,0,0,0
(주)와이오엠,66430,0,0,0,1,0,1,0,1,1
(주)와이제이엠게임즈,193250,0,0,0,0,1,1,0,0,0
(주)와이즈버즈,273060,0,0,0,0,0,0,0,0,0
(주)와이지-원,19210,0,0,0,0,0,0,0,0,0
(주)와이지엔터테인먼트,122870,0,0,1,1,0,1,1,0,0
(주)와이지플러스,37270,0,0,0,0,1,1,0,0,0
(주)와이투솔루션,11690,0,0,0,0,0,0,0,0,0
(주)와이티엔,40300,0,0,0,0,0,0,0,0,0
(주)용평리조트,70960,0,0,0,0,0,0,0,0,0
(주)우리기술,32820,0,0,0,0,0,0,0,0,0
(주)우리넷,115440,0,0,0,0,0,0,0,0,0
(주)우리로,46970,0,1,0,0,0,0,0,0,0
(주)우성,6980,0,0,0,0,0,0,0,0,0
(주)우신시스템,17370,0,0,0,0,0,1,0,0,0
(주)우양,103840,0,0,0,0,0,0,0,0,0
(주)우정바이오,215380,0,0,0,0,0,0,1,0,0
(주)우주일렉트로닉스,65680,0,1,0,0,0,0,0,0,0
(주)우진,105840,0,0,0,0,0,0,0,0,0
(주)우진아이엔에스,10400,0,0,0,0,0,0,0,0,0
(주)우진플라임,49800,0,1,0,1,0,0,0,0,0
(주)웅진,16880,0,0,0,0,0,0,0,1,0
(주)웅진씽크빅,95720,0,0,0,0,0,0,1,0,0
(주)원림,5820,0,0,1,0,0,1,1,1,0
(주)원바이오젠,307280,0,0,0,0,0,0,0,0,0
(주)원익,32940,0,0,0,1,0,0,0,0,1
(주)원익머트리얼즈,104830,0,1,0,0,0,0,1,1,0
(주)원익아이피에스,240810,0,0,0,0,0,0,1,1,1
(주)원익큐브,14190,0,0,0,0,0,0,0,0,0
(주)원익큐엔씨,74600,0,0,0,0,0,0,1,1,0
(주)원익피앤이,131390,0,0,0,0,0,1,0,0,1
(주)원익홀딩스,30530,0,0,0,0,0,0,1,1,0
(주)원일특강,12620,0,0,1,0,0,0,0,0,0
(주)원풍,8370,0,0,0,0,0,0,0,0,0
(주)월덱스,101160,0,0,0,0,0,0,0,0,0
(주)웨이버스,336060,0,0,0,0,0,0,0,0,0
(주)웨이브일렉트로닉스,95270,0,0,1,0,1,1,0,0,0
(주)웰크론,65950,0,0,0,0,1,0,0,0,0
(주)웰크론한텍,76080,0,1,1,0,0,0,1,1,0
(주)웹스,196700,0,0,0,0,0,0,0,0,0
(주)웹젠,69080,0,0,0,0,0,1,1,0,0
(주)위니아,71460,0,0,0,0,0,0,0,0,0
(주)위닉스,44340,0,0,0,1,0,0,1,0,0
(주)위메이드,112040,0,1,1,0,0,0,0,1,0
(주)위메이드맥스,101730,0,0,0,1,0,0,1,1,0
(주)위메이드플레이,123420,0,0,0,1,1,1,0,1,0
(주)위스컴,24070,0,0,0,0,0,0,0,0,0
(주)위지윅스튜디오,299900,0,0,0,0,0,0,0,0,0
(주)위지트,36090,0,0,0,0,0,0,0,0,0
(주)윈스,136540,0,1,0,0,0,0,0,0,0
(주)윈팩,97800,0,0,0,0,0,0,0,1,1
(주)윈하이텍,192390,0,0,0,0,0,0,0,0,0
(주)윌링스,313760,0,0,0,0,0,0,0,0,0
(주)윌비스,8600,0,0,0,0,0,0,0,0,0
(주)유니드,14830,0,0,0,0,0,0,0,0,0
(주)유니온,910,0,0,0,0,0,0,0,0,0
(주)유니온커뮤니티,203450,0,0,0,0,0,0,0,0,0
(주)유니켐,11330,0,0,0,0,0,1,0,1,0
(주)유니크,11320,0,0,0,0,0,0,0,0,0
(주)유니테스트,86390,0,0,0,0,0,0,0,0,0
(주)유니테크노,241690,0,0,0,0,0,0,0,0,0
(주)유니트론텍,142210,0,0,0,0,0,0,0,0,0
(주)유라테크,48430,0,0,0,0,0,0,0,0,0
(주)유바이오로직스,206650,0,0,0,0,0,0,0,1,1
(주)유비케어,32620,0,0,0,0,0,0,0,0,0
(주)유비쿼스,264450,0,0,0,0,0,0,0,0,0
(주)유비쿼스홀딩스,78070,0,0,0,0,0,0,0,1,1
(주)유성티엔에스,24800,0,0,0,0,0,0,0,0,0
(주)유수홀딩스,700,0,0,0,0,0,0,0,0,0
(주)유신,54930,0,0,0,0,0,0,0,0,0
(주)유씨아이,38340,0,0,0,0,0,1,0,0,0
(주)유아이디,69330,0,0,0,0,0,0,0,0,0
(주)유에스티,263770,0,0,0,0,0,0,0,1,0
(주)유유제약,220,0,0,0,0,0,0,0,0,0
(주)유진로봇,56080,0,0,0,0,0,0,0,0,0
(주)유진테크,84370,0,0,0,0,0,0,0,1,0
(주)유테크,178780,0,0,0,0,0,0,0,0,0
(주)유티아이,179900,0,0,0,0,0,0,0,0,0
(주)유틸렉스,263050,0,0,0,0,0,0,0,0,1
(주)유한양행,100,0,0,0,0,0,0,0,0,0
(주)육일씨엔에쓰,191410,0,0,0,0,0,0,0,0,0
(주)율호,72770,0,0,0,0,0,0,0,1,0
(주)이건홀딩스,39020,0,0,0,0,0,0,0,1,0
(주)이글루코퍼레이션,67920,0,1,1,0,0,0,0,0,0
(주)이글벳,44960,0,0,0,0,0,1,0,0,0
(주)이노메트리,302430,0,0,0,0,0,0,0,0,1
(주)이노션,214320,0,0,0,0,0,0,0,0,0
(주)이노와이어리스,73490,0,0,0,0,0,0,0,0,0
(주)이노인스트루먼트,215790,0,0,0,0,0,0,0,1,0
(주)이노테라피,246960,0,0,0,0,0,0,0,0,0
(주)이녹스,88390,0,0,0,0,0,0,0,1,0
(주)이녹스첨단소재,272290,0,0,0,0,0,0,0,0,0
(주)이라이콤,41520,0,1,1,0,0,0,0,0,0
(주)이랜시스,264850,0,0,0,0,0,0,0,0,0
(주)이랜텍,54210,0,0,0,0,0,0,0,0,0
(주)이루온,65440,0,0,0,0,0,0,0,0,0
(주)이마트,139480,0,0,1,0,0,0,0,0,0
(주)이미지스테크놀로지,115610,0,0,0,1,0,0,0,0,0
(주)이브이수성,84180,0,0,0,0,0,0,1,0,0
(주)이브이첨단소재,131400,0,0,0,0,0,0,0,0,0
(주)이상네트웍스,80010,0,0,0,0,0,0,1,0,0
(주)이수앱지스,86890,0,0,0,0,0,0,1,0,0
(주)이수페타시스,7660,0,0,0,0,0,0,0,0,0
(주)이수화학,5950,0,0,0,0,0,0,0,0,0
(주)이스타코,15020,0,0,1,0,1,0,0,0,0
(주)이스트소프트,47560,0,0,0,0,0,0,0,0,0
(주)이씨에스텔레콤,67010,0,0,0,0,0,0,0,0,0
(주)이아이디,93230,0,0,0,1,1,0,1,0,0
(주)이엔에프테크놀로지,102710,0,0,0,0,0,0,0,0,0
(주)이엔코퍼레이션,66980,0,1,1,0,0,1,0,0,0
(주)이엔플러스,74610,0,0,0,0,0,1,1,0,0
(주)이엘피,63760,0,0,0,0,0,0,0,0,0
(주)이엠넷,123570,0,0,0,0,0,0,0,0,0
(주)이엠앤아이,83470,0,0,1,1,0,0,0,0,0
(주)이엠텍,91120,0,0,0,0,0,0,1,1,0
(주)이오테크닉스,39030,0,0,0,0,0,0,0,0,0
(주)이원,17940,0,0,0,0,0,0,0,0,0
(주)이월드,84680,0,0,0,0,1,0,0,0,1
(주)이즈미디어,181340,0,0,0,0,0,0,0,1,0
(주)이지,37370,0,1,0,0,0,0,0,0,0
(주)이지홀딩스,35810,0,0,1,0,0,0,0,0,0
(주)이큐셀,160600,0,0,0,0,0,1,1,1,0
(주)이크레더블,92130,0,0,0,0,1,0,0,0,0
(주)이퓨쳐,134060,0,0,0,0,0,0,0,0,0
(주)인디에프,14990,0,0,0,0,0,0,0,0,0
(주)인바디,41830,0,0,0,0,0,0,0,0,0
(주)인바이오젠,101140,0,0,0,0,0,0,0,0,1
(주)인산가,277410,0,0,0,0,0,0,0,1,0
(주)인성정보,33230,0,0,0,0,0,0,0,0,0
(주)인스코비,6490,0,1,0,0,1,0,0,0,0
(주)인지디스플레이,37330,0,0,0,0,0,0,1,0,1
(주)인콘,83640,0,1,0,0,0,0,0,0,0
(주)인터로조,119610,0,1,1,0,0,0,0,0,0
(주)인터엠,17250,0,0,0,0,0,0,1,0,0
(주)인터플렉스,51370,0,1,0,0,0,0,1,0,0
(주)인텍플러스,64290,0,0,0,0,0,0,0,0,0
(주)인텔리안테크놀로지스,189300,0,0,0,0,0,0,0,0,0
(주)인트로메딕,150840,0,0,0,0,0,0,0,1,0
(주)인트론바이오테크놀로지,48530,0,0,0,1,0,0,0,0,0
(주)인팩,23810,0,0,0,0,0,0,0,0,0
(주)인포마크,175140,0,0,0,0,0,0,0,0,0
(주)인포바인,115310,0,0,0,0,0,0,0,0,0
(주)인피니트헬스케어,71200,0,0,0,0,0,0,0,0,0
(주)일승,333430,0,0,0,0,0,0,0,0,0
(주)일신바이오베이스,68330,0,0,0,0,0,0,0,0,0
(주)일신석재,7110,0,0,0,0,0,0,0,0,0
(주)일야,58450,0,0,0,0,0,0,1,0,0
(주)일지테크,19540,0,0,0,0,0,0,0,0,0
(주)일진파워,94820,0,0,0,0,0,1,0,0,0
(주)잇츠한불,226320,0,0,0,0,0,1,1,0,0
(주)잉크테크,49550,0,0,0,0,0,0,0,0,0
(주)자비스,254120,0,0,0,0,0,0,0,0,0
(주)자연과환경,43910,0,1,0,0,1,0,1,0,0
(주)장원테크,174880,0,0,0,0,0,0,0,0,0
(주)정다운,208140,0,0,0,0,0,0,0,0,1
(주)정상제이엘에스,40420,0,0,0,0,0,0,0,0,1
(주)정원엔시스,45510,0,0,0,0,0,0,0,0,0
(주)제넥신,95700,0,1,0,0,0,0,0,1,0
(주)제넨바이오,72520,0,0,0,0,0,0,1,0,1
(주)제노레이,122310,0,0,0,0,0,0,0,0,0
(주)제노포커스,187420,0,0,0,0,0,1,0,0,0
(주)제닉,123330,0,0,1,0,0,0,1,0,0
(주)제로투세븐,159580,0,0,0,0,1,0,0,1,0
(주)제우스,79370,0,0,0,0,0,0,0,0,0
(주)제이브이엠,54950,0,0,0,0,0,0,0,0,0
(주)제이스텍,90470,0,0,0,0,1,0,0,0,0
(주)제이시스메디칼,287410,0,0,0,0,0,0,0,0,0
(주)제이에스코퍼레이션,194370,0,0,0,0,0,0,1,0,0
(주)제이에스티나,26040,0,0,0,0,0,1,0,0,0
(주)제이엘케이,322510,0,0,0,0,0,0,0,0,0
(주)제이와이피엔터테인먼트,35900,0,1,1,0,0,0,1,1,0
(주)제이웨이,58420,0,0,0,0,1,0,1,0,0
(주)제이티,89790,0,0,0,0,0,0,0,0,0
(주)제이티씨,950170,0,0,0,0,0,0,0,0,0
(주)제일기획,30000,0,0,0,0,0,0,0,0,0
(주)제일바이오,52670,0,0,0,0,1,0,0,0,0
(주)제일테크노스,38010,0,0,0,0,0,0,0,0,0
(주)제주반도체,80220,0,0,0,0,0,0,0,0,0
(주)제주항공,89590,0,0,0,0,0,1,1,1,0
(주)제테마,216080,0,0,0,0,0,0,0,0,0
(주)젬백스&카엘,82270,0,0,0,0,0,0,0,0,0
(주)젬백스링크,64800,0,0,0,0,0,0,0,1,0
(주)조비,1550,0,0,0,0,0,0,0,0,0
(주)조이시티,67000,0,0,0,0,0,0,0,0,0
(주)조흥,2600,0,0,0,0,0,1,1,0,0
(주)종근당,185750,0,0,0,0,0,0,0,0,0
(주)종근당바이오,63160,0,0,0,0,0,0,0,0,1
(주)종근당홀딩스,1630,0,0,0,0,0,0,0,1,0
(주)좋은사람들,33340,0,0,0,0,0,0,0,0,0
(주)주연테크,44380,0,0,0,0,0,0,0,0,0
(주)중앙디앤엠,51980,0,0,0,0,0,0,1,1,0
(주)중앙백신연구소,72020,0,0,0,0,0,0,0,0,0
(주)중앙에너비스,440,0,0,0,0,0,0,0,0,0
(주)지노믹트리,228760,0,0,0,0,0,0,0,0,0
(주)지누스,13890,0,0,0,0,0,0,0,0,0
(주)지니뮤직,43610,0,0,1,0,0,0,0,1,0
(주)지니틱스,303030,0,0,0,0,0,0,0,0,1
(주)지란지교시큐리티,208350,0,0,0,0,0,1,0,0,0
(주)지씨셀,144510,0,0,0,0,0,0,0,0,0
(주)지어소프트,51160,0,0,0,0,0,1,0,0,0
(주)지에스,78930,0,0,0,0,0,0,0,0,0
(주)지에스글로벌,1250,0,0,0,0,0,0,0,0,0
(주)지에스리테일,7070,0,1,0,0,1,0,1,0,0
(주)지에스이,53050,0,0,0,0,0,0,0,0,0
(주)지엔씨에너지,119850,0,0,0,0,0,0,1,0,0
(주)지엔코,65060,0,0,0,0,0,0,0,0,0
(주)지투알,35000,0,0,0,0,0,0,0,0,0
(주)지티지웰니스,219750,0,0,0,0,0,0,0,0,0
(주)진도,88790,0,0,0,0,0,0,0,0,0
(주)진로발효,18120,0,0,0,0,0,0,0,0,0
(주)진매트릭스,109820,0,0,0,0,0,0,0,0,1
(주)진바이오텍,86060,0,0,0,0,0,0,0,0,0
(주)진성티이씨,36890,0,0,0,0,0,0,0,0,0
(주)진양홀딩스,100250,0,0,0,1,0,0,0,0,1
(주)진에어,272450,0,0,0,0,0,0,0,0,0
(주)차바이오텍,85660,0,0,0,0,0,0,0,0,0
(주)창해에탄올,4650,0,0,0,0,0,0,1,0,0
(주)천보,278280,0,0,0,0,0,0,0,0,0
(주)천일고속,650,0,0,0,0,0,0,0,0,0
(주)체리부로,66360,0,0,0,0,0,0,0,0,0
(주)체시스,33250,0,0,0,0,0,0,0,0,0
(주)초록뱀미디어,47820,0,0,0,0,0,1,0,0,0
(주)초록뱀이앤엠,131100,0,0,0,0,0,0,0,0,0
(주)초록뱀컴퍼니,52300,0,1,1,0,0,0,0,0,0
(주)초록뱀헬스케어,118000,0,0,0,0,1,0,0,0,0
(주)칩스앤미디어,94360,0,0,0,0,0,0,0,0,0
(주)카나리아바이오,16790,0,0,0,0,0,0,0,0,0
(주)카스,16920,0,0,0,0,0,0,0,0,0
(주)카이노스메드,284620,0,0,0,0,0,0,0,0,0
(주)카카오,35720,0,0,0,0,0,0,0,0,0
(주)카프로,6380,0,0,0,0,0,0,0,0,0
(주)캐리소프트,317530,0,0,0,0,0,0,0,0,0
(주)캐스텍코리아,71850,0,0,0,0,0,0,0,0,0
(주)캠시스,50110,0,1,1,1,0,0,0,1,0
(주)컴투스,78340,0,1,0,0,1,0,0,0,0
(주)컴투스홀딩스,63080,0,0,1,0,0,1,0,0,0
(주)케스피온,79190,0,0,1,0,0,0,0,0,1
(주)케어랩스,263700,0,0,0,0,0,0,0,0,0
(주)케어젠,214370,0,0,0,0,0,1,0,0,0
(주)케이비지,318000,0,0,0,0,0,0,0,0,0
(주)케이사인,192250,0,0,0,0,0,0,0,0,0
(주)케이씨,29460,0,0,0,0,0,0,0,0,0
(주)케이씨씨,2380,0,0,0,0,0,0,0,0,0
(주)케이씨씨건설,21320,0,0,0,0,0,0,0,0,0
(주)케이씨아이,36670,0,0,1,0,0,0,0,0,0
(주)케이씨에스,115500,0,0,1,0,0,0,0,0,0
(주)케이씨텍,281820,0,0,0,0,0,0,0,0,0
(주)케이씨티,89150,0,0,0,0,0,0,0,0,0
(주)케이씨티시,9070,0,0,0,0,0,0,0,0,0
(주)케이씨피드,25880,0,0,0,0,0,0,1,0,0
(주)케이아이엔엑스,93320,0,1,0,0,0,0,0,0,0
(주)케이에스에스해운,44450,0,0,1,0,0,0,0,0,0
(주)케이에스피,73010,0,0,0,1,0,0,0,0,0
(주)케이에이치바텍,60720,0,0,0,0,0,0,0,0,0
(주)케이에이치필룩스,33180,0,0,0,0,0,0,0,0,0
(주)케이엑스이노베이션,122450,0,0,0,0,1,0,0,0,0
(주)케이엑스하이텍,52900,0,0,0,0,0,0,0,0,0
(주)케이엔더블유,105330,0,0,0,0,0,0,0,0,0
(주)케이엔엔,58400,0,0,0,0,0,0,0,0,0
(주)케이엔제이,272110,0,0,0,0,0,0,0,0,0
(주)케이엘넷,39420,0,0,0,0,0,0,0,0,0
(주)케이엠,83550,0,0,0,0,0,0,0,1,0
(주)케이엠더블유,32500,0,1,0,1,0,0,0,0,0
(주)케이이씨,92220,0,0,0,0,0,0,0,0,0
(주)케이지모빌리언스,46440,0,1,0,0,0,1,0,0,0
(주)케이지이니시스,35600,0,0,0,0,0,0,0,0,0
(주)케이티,30200,0,0,0,0,0,0,0,0,0
(주)케이티서브마린,60370,0,1,0,0,0,0,0,0,0
(주)케이티스카이라이프,53210,0,0,0,0,0,0,0,0,0
(주)케이티씨에스,58850,0,0,0,0,0,0,0,0,0
(주)케이티아이에스,58860,0,0,0,0,0,0,0,0,0
(주)케이티알파,36030,0,0,0,0,1,0,0,0,0
(주)케이티앤지,33780,0,0,0,0,0,0,0,0,0
(주)케이프,64820,0,0,0,1,0,0,0,0,0
(주)케이피에스,256940,0,0,0,0,0,0,0,1,0
(주)케이피에프,24880,0,0,0,0,0,0,0,0,0
(주)케이피엠테크,42040,0,0,0,1,0,0,0,0,1
(주)케이피티유,54410,0,0,1,0,0,0,0,0,0
(주)케일럼,258610,0,0,0,0,0,0,0,0,0
(주)켐온,217600,0,0,0,0,0,0,0,0,0
(주)켐트로닉스,89010,0,0,1,0,0,0,0,0,0
(주)켐트로스,220260,0,0,0,0,0,0,0,0,0
(주)코다코,46070,0,0,0,0,0,0,0,0,0
(주)코데즈컴바인,47770,0,0,0,0,0,0,1,1,1
(주)코디,80530,0,0,0,0,0,1,0,0,0
(주)코디엠,224060,0,0,0,0,0,1,0,0,0
(주)코렌텍,104540,0,0,0,0,1,0,0,0,0
(주)코리아나화장품,27050,0,0,0,0,0,0,0,0,0
(주)코리아센터,290510,0,0,0,0,0,0,0,0,0
(주)코리아써키트,7810,0,0,0,0,0,0,0,0,0
(주)코리아에스이,101670,0,0,0,0,0,0,0,0,0
(주)코맥스,36690,0,0,0,0,0,0,0,0,0
(주)코메론,49430,0,1,0,0,0,0,0,0,0
(주)코미코,183300,0,0,0,0,0,0,0,1,0
(주)코미팜,41960,0,0,0,0,0,0,0,0,0
(주)코세스,89890,0,0,0,0,0,0,0,1,0
(주)코센,9730,0,0,0,0,0,0,0,0,0
(주)코스나인,82660,0,1,1,0,0,0,0,0,1
(주)코스메카코리아,241710,0,0,0,0,0,0,0,1,0
(주)코스온,69110,0,0,1,1,1,1,0,0,0
(주)코썬바이오,204990,0,0,0,0,0,0,0,0,0
(주)코아스,71950,0,0,0,0,0,0,0,0,0
(주)코아시아,45970,0,0,0,0,1,1,0,1,1
(주)코아시아옵틱스,196450,0,0,0,0,0,0,0,1,1
(주)코엔텍,29960,0,0,0,0,0,0,0,0,0
(주)코오롱,2020,0,0,1,1,0,0,0,0,0
(주)코원플레이,56000,0,0,0,0,0,0,0,0,1
(주)코윈테크,282880,0,0,0,0,0,0,0,0,0
(주)코이즈,121850,0,1,0,0,0,0,0,0,0
(주)코콤,15710,0,0,0,0,0,0,1,0,0
(주)코텍,52330,0,0,0,0,1,0,0,0,0
(주)코퍼스코리아,322780,0,0,0,0,0,0,0,0,0
(주)코프라,126600,0,0,0,1,0,0,0,0,0
(주)콘텐트리중앙,36420,0,0,0,0,0,0,0,0,0
(주)콤텍시스템,31820,0,1,1,0,0,1,0,0,1
(주)큐로,15590,0,0,0,0,0,0,0,0,0
(주)큐로컴,40350,0,0,0,0,0,0,0,0,0
(주)큐로홀딩스,51780,0,0,1,0,1,1,1,0,0
(주)큐리언트,115180,0,0,0,0,0,0,0,0,0
(주)큐브엔터테인먼트,182360,0,0,0,0,0,1,0,0,0
(주)큐에스아이,66310,0,0,0,0,0,0,0,0,0
(주)크라운제과,264900,0,0,0,0,0,0,0,0,0
(주)크라운해태홀딩스,5740,0,0,0,0,0,0,0,0,0
(주)크레버스,96240,0,0,0,0,1,0,0,1,0
(주)크리스에프앤씨,110790,0,0,0,0,0,0,0,0,0
(주)크린앤사이언스,45520,0,0,0,0,0,0,0,0,0
(주)클라우드에어,36170,0,1,0,0,0,0,0,0,0
(주)클래시스,214150,0,0,0,0,0,0,0,1,0
(주)클리오,237880,0,0,0,0,0,0,0,0,0
(주)키다리스튜디오,20120,0,1,0,0,0,0,0,1,1
(주)키이스트,54780,0,0,0,0,0,0,0,0,1
(주)타이거일렉,219130,0,0,0,0,0,1,0,0,0
(주)탑엔지니어링,65130,0,0,0,1,0,0,0,0,0
(주)탑코미디어,134580,0,0,0,0,0,0,0,0,0
(주)태경비케이,14580,0,0,0,0,0,0,0,0,0
(주)태광,23160,0,0,0,0,0,0,0,0,0
(주)태성,323280,0,0,0,0,0,0,0,0,0
(주)태양,53620,0,0,0,0,0,0,0,0,0
(주)태영건설,9410,0,0,0,0,0,0,0,0,0
(주)태웅,44490,0,0,0,0,0,1,0,0,0
(주)태웅로직스,124560,0,0,0,0,0,0,0,0,0
(주)테라젠이텍스,66700,0,0,0,0,0,0,0,0,0
(주)테스,95610,0,0,0,0,0,0,0,0,0
(주)테이팩스,55490,0,0,0,0,0,0,0,0,0
(주)테크윙,89030,0,0,0,0,0,0,1,0,0
(주)텔레칩스,54450,0,0,0,0,0,0,0,0,0
(주)텔레필드,91440,0,0,0,0,0,0,0,0,0
(주)텔콘알에프제약,200230,0,0,0,0,0,0,0,1,0
(주)토니모리,214420,0,0,0,0,0,0,0,0,0
(주)토박스코리아,215480,0,0,0,0,0,0,0,0,0
(주)토비스,51360,0,0,0,0,0,0,0,0,0
(주)토탈소프트뱅크,45340,0,0,0,0,0,0,0,0,0
(주)톱텍,108230,0,0,0,0,0,1,0,0,0
(주)투비소프트,79970,0,0,0,0,0,0,0,0,0
(주)트루윈,105550,0,0,0,0,0,0,0,0,0
(주)특수건설,26150,0,0,0,0,0,0,0,0,0
(주)티라유텍,322180,0,0,0,0,0,0,0,0,0
(주)티로보틱스,117730,0,0,0,0,0,0,0,0,0
(주)티비씨,33830,0,0,0,0,0,0,0,0,0
(주)티비에이치글로벌,84870,0,0,0,1,0,0,0,0,0
(주)티사이언티픽,57680,0,0,0,0,1,0,0,0,0
(주)티씨케이,64760,0,0,0,0,1,1,1,0,0
(주)티앤알바이오팹,246710,0,0,0,0,0,0,0,0,1
(주)티에스넥스젠,43220,0,0,0,0,1,0,1,0,0
(주)티에스이,131290,0,0,0,0,0,0,0,0,0
(주)티에스트릴리온,317240,0,0,0,0,0,0,0,0,0
(주)티에이치엔,19180,0,0,0,0,0,0,0,0,0
(주)티엘아이,62860,0,0,1,0,0,0,0,0,0
(주)티움바이오,321550,0,0,0,0,0,0,0,0,0
(주)티웨이항공,91810,0,0,0,0,0,0,0,0,0
(주)티웨이홀딩스,4870,0,0,0,1,0,1,1,1,0
(주)티케이케미칼,104480,0,0,0,0,0,0,0,0,0
(주)티플랙스,81150,0,0,0,0,0,0,0,0,0
(주)티피씨,130740,0,0,0,0,0,0,0,0,0
(주)티피씨메카트로닉스,48770,0,0,1,0,0,0,0,0,0
(주)파나진,46210,0,0,0,0,0,1,0,0,0
(주)파라다이스,34230,0,0,0,0,0,0,0,0,0
(주)파라텍,33540,0,0,0,0,0,0,0,0,0
(주)파루,43200,0,0,1,0,0,1,0,0,0
(주)파마리서치,214450,0,0,0,0,0,1,0,1,1
(주)파멥신,208340,0,0,0,0,0,0,0,0,1
(주)파버나인,177830,0,0,0,0,0,0,0,0,0
(주)파세코,37070,0,0,0,0,0,0,0,0,1
(주)파수,150900,0,0,0,0,0,0,0,0,0
(주)파워넷,37030,0,0,0,0,0,0,0,0,0
(주)파워로직스,47310,0,1,0,0,0,0,0,0,0
(주)파이오링크,170790,0,0,0,0,1,0,0,1,0
(주)파인디앤씨,49120,0,0,0,1,0,0,1,0,0
(주)파인디지털,38950,0,0,0,0,0,0,0,0,0
(주)파인테크닉스,106240,0,0,0,0,0,0,0,0,0
(주)파인텍,131760,0,0,0,0,0,0,1,0,1
(주)파커스,65690,0,0,0,0,0,0,0,0,0
(주)파크시스템스,140860,0,0,0,0,0,0,1,0,1
(주)파트론,91700,0,0,0,0,0,0,0,0,0
(주)판타지오,32800,0,0,0,0,0,0,0,0,1
(주)팜스빌,318010,0,0,0,0,0,0,0,0,0
(주)팜스코,36580,0,1,0,0,0,0,0,0,0
(주)팜스토리,27710,0,1,0,0,0,0,0,0,1
(주)팬스타엔터프라이즈,54300,0,0,0,0,0,1,0,0,1
(주)팬엔터테인먼트,68050,0,0,0,0,0,0,1,0,0
(주)팬젠,222110,0,0,0,0,0,0,0,1,0
(주)퍼시스,16800,0,0,0,0,0,0,0,0,0
(주)펄어비스,263750,0,0,0,0,0,0,0,0,1
(주)펩트론,87010,0,0,0,0,0,1,0,0,1
(주)포메탈,119500,0,0,0,0,0,0,0,0,0
(주)포스코아이씨티,22100,0,0,0,0,0,1,0,0,0
(주)포스코엠텍,9520,0,0,0,0,0,0,0,0,0
(주)포스코인터내셔널,47050,0,0,0,0,0,0,1,0,0
(주)포스코케미칼,3670,0,0,0,0,0,0,0,0,0
(주)포시에스,189690,0,0,0,0,0,0,0,0,0
(주)포인트엔지니어링,256630,0,0,0,0,0,0,0,0,0
(주)포커스에이치엔에스,331380,0,0,0,0,0,0,0,0,0
(주)폴라리스세원,234100,0,0,0,0,0,0,0,0,0
(주)폴라리스오피스,41020,0,0,0,0,0,0,1,0,0
(주)폴라리스우노,114630,0,0,0,0,0,0,0,0,0
(주)푸드나무,290720,0,0,0,0,0,0,0,0,1
(주)푸드웰,5670,0,0,0,0,0,0,0,0,0
(주)푸른기술,94940,0,0,0,0,0,0,0,0,0
(주)풀무원,17810,0,0,0,0,0,0,1,0,1
(주)풍강,93380,0,0,0,0,0,0,0,0,0
(주)풍산,103140,0,0,0,0,0,0,0,0,0
(주)풍산홀딩스,5810,0,0,0,0,0,0,0,0,0
(주)퓨쳐켐,220100,0,0,0,0,0,0,0,0,0
(주)프럼파스트,35200,0,0,0,0,0,0,0,0,0
(주)프로스테믹스,203690,0,0,0,0,1,0,0,0,1
(주)프로이천,321260,0,0,0,0,0,0,0,0,0
(주)프로텍,53610,0,0,0,0,0,0,0,0,0
(주)프리엠스,53160,0,0,0,0,0,0,0,0,0
(주)플래스크,41590,0,0,1,1,0,0,0,1,1
(주)플랜티넷,75130,0,0,0,0,0,0,0,0,0
(주)플레이그램,9810,0,0,0,0,0,0,0,0,0
(주)플레이위드,23770,0,0,0,0,0,0,1,0,0
(주)플리토,300080,0,0,0,0,0,0,0,0,0
(주)피델릭스,32580,0,0,0,0,0,0,0,0,0
(주)피씨디렉트,51380,0,0,0,0,0,0,0,0,0
(주)피에스엠씨,24850,0,0,0,0,0,0,0,0,0
(주)피에이치씨,57880,0,0,0,0,0,0,1,0,0
(주)피엔티,137400,0,1,0,0,1,0,1,0,0
(주)피엔풍년,24940,0,0,0,0,0,0,0,0,0
(주)피제이메탈,128660,0,0,0,0,0,0,0,0,0
(주)피제이전자,6140,0,0,0,0,0,0,0,0,0
(주)피피아이,62970,0,0,0,0,0,0,0,0,0
(주)픽셀플러스,87600,0,0,0,0,0,0,0,0,0
(주)필옵틱스,161580,0,0,0,0,0,0,0,0,0
(주)하나투어,39130,0,0,0,0,0,0,0,0,0
(주)하림,136480,0,0,0,0,0,0,0,0,0
(주)하림지주,3380,0,0,0,0,0,0,0,1,1
(주)하이로닉,149980,0,0,0,0,0,0,0,0,0
(주)하이비젼시스템,126700,0,1,1,0,1,0,1,0,0
(주)하이소닉,106080,0,0,0,0,0,0,0,0,0
(주)하이스틸,71090,0,0,0,0,0,0,0,0,0
(주)하이텍팜,106190,0,0,0,0,0,0,1,0,0
(주)하이트론씨스템즈,19490,0,0,0,0,0,0,0,0,0
(주)하츠,66130,0,0,0,0,0,0,0,0,0
(주)한국가구,4590,0,0,0,1,0,0,0,0,0
(주)한국경제티브이,39340,0,0,0,0,0,0,0,0,0
(주)한국비엔씨,256840,0,0,0,0,0,0,0,0,0
(주)한국전자홀딩스,6200,0,1,0,0,0,0,0,0,0
(주)한국종합기술,23350,0,0,0,0,0,0,0,0,0
(주)한국카본,17960,0,0,0,0,0,0,0,0,0
(주)한국코퍼레이션,50540,0,0,0,0,0,0,0,0,0
(주)한국큐빅,21650,0,0,0,0,0,0,0,0,0
(주)한국테크놀로지,53590,0,0,0,0,1,1,0,0,0
(주)한국특강,7280,0,0,0,0,0,0,0,0,0
(주)한국팩키지,37230,0,0,0,0,0,0,0,0,0
(주)한국화장품제조,3350,0,0,0,0,0,1,0,0,0
(주)한글과컴퓨터,30520,0,0,0,0,0,0,0,0,0
(주)한네트,52600,0,0,0,0,0,0,0,0,0
(주)한농화성,11500,0,0,0,0,0,0,0,0,0
(주)한독,2390,0,0,0,0,0,0,0,0,0
(주)한독크린텍,256150,0,0,0,0,0,0,0,0,0
(주)한라,14790,0,1,0,0,0,0,0,0,0
(주)한라홀딩스,60980,0,0,0,0,1,1,0,0,0
(주)한미글로벌건축사사무소,53690,0,0,0,0,0,0,0,0,0
(주)한빛소프트,47080,0,0,0,0,0,0,0,0,0
(주)한샘,9240,0,0,0,0,1,0,0,0,0
(주)한섬,20000,0,0,0,0,0,0,0,0,1
(주)한솔케미칼,14680,0,0,0,1,0,0,0,0,0
(주)한솔홈데코,25750,0,0,0,0,0,0,0,0,0
(주)한송네오텍,226440,0,0,0,0,0,0,0,0,0
(주)한익스프레스,14130,0,0,0,0,0,1,0,0,0
(주)한일진공,123840,0,0,1,0,0,1,0,1,0
(주)한진,2320,0,0,0,0,0,0,0,0,0
(주)한진중공업홀딩스,3480,0,0,0,0,0,0,0,1,0
(주)한진칼,180640,0,0,0,1,0,0,0,0,0
(주)한창,5110,0,0,1,0,0,0,0,0,0
(주)한창바이오텍,43090,0,0,1,0,1,0,0,0,0
(주)한창제지,9460,0,0,0,0,0,0,0,0,0
(주)한컴위드,54920,0,1,0,0,0,0,0,0,1
(주)한탑,2680,0,0,0,0,0,0,0,0,0
(주)한화,880,0,0,0,1,0,0,0,0,0
(주)핸디소프트,220180,0,0,0,0,0,0,1,0,0
(주)헥토이노베이션,214180,0,0,0,0,0,1,0,1,0
(주)헥토파이낸셜,234340,0,0,0,0,0,0,0,0,0
(주)헬릭스미스,84990,0,0,0,0,0,0,1,1,0
(주)현대공업,170030,0,0,0,0,0,0,0,0,0
(주)현대그린푸드,5440,0,0,0,0,0,0,0,0,0
(주)현대리바트,79430,0,0,0,0,0,0,1,1,0
(주)현대미포조선,10620,0,0,0,0,0,0,0,0,0
(주)현대바이오랜드,52260,0,0,0,0,0,0,0,0,0
(주)현대백화점,69960,0,0,0,0,1,0,0,0,0
(주)현대에버다임,41440,0,0,0,0,0,0,0,0,0
(주)현대이지웰,90850,0,0,0,0,0,0,0,0,0
(주)현대퓨처넷,126560,0,0,0,0,0,1,0,0,0
(주)현대홈쇼핑,57050,0,0,0,0,0,0,0,1,0
(주)협진,138360,0,0,0,0,1,1,0,0,0
(주)형지아이앤씨,11080,0,0,0,1,0,0,0,0,0
(주)형지엘리트,93240,0,1,0,0,0,0,0,0,0
(주)혜인,3010,0,0,0,0,0,0,0,0,0
(주)호텔신라,8770,0,0,0,0,0,0,0,0,0
(주)홈센타홀딩스,60560,0,0,0,0,0,0,0,0,0
(주)홈캐스트,64240,0,0,0,0,0,0,0,0,0
(주)화승엔터프라이즈,241590,0,0,0,0,0,0,0,1,0
(주)화승인더스트리,6060,0,0,0,0,0,0,0,0,0
(주)화승코퍼레이션,13520,0,0,0,0,0,0,0,0,0
(주)화신,10690,0,0,0,0,0,0,0,0,0
(주)화신정공,126640,0,0,0,0,0,0,0,0,0
(주)화인베스틸,133820,0,0,0,0,0,0,0,0,0
(주)황금에스티,32560,0,0,0,0,0,0,0,0,0
(주)효성,4800,0,0,0,0,0,0,0,0,0
(주)후성,93370,0,0,0,0,0,0,0,0,0
(주)휠라홀딩스,81660,0,0,0,0,0,0,0,0,0
(주)휴네시온,290270,0,0,0,0,0,0,0,0,0
(주)휴니드테크놀러지스,5870,0,0,0,0,1,1,0,0,0
(주)휴맥스,115160,0,0,0,0,0,0,0,0,0
(주)휴맥스홀딩스,28080,0,0,0,1,0,0,0,0,1
(주)휴먼엔,32860,0,0,0,0,1,0,0,0,0
(주)휴메딕스,200670,0,0,0,0,1,1,1,1,0
(주)휴비스,79980,0,1,0,0,0,0,0,0,0
(주)휴비츠,65510,0,0,0,0,0,0,0,0,0
(주)휴센텍,215090,0,0,0,0,0,0,1,0,0
(주)휴스틸,5010,0,0,0,0,0,0,0,0,0
(주)휴엠앤씨,263920,0,0,0,0,0,0,0,0,0
(주)휴온스,243070,0,0,0,0,0,0,0,1,0
(주)휴온스글로벌,84110,0,0,0,0,0,0,1,1,1
(주)흥국,10240,0,0,0,0,0,0,0,0,0
(주)흥국에프엔비,189980,0,0,0,0,0,0,0,0,0
(주)희림종합건축사사무소,37440,0,0,0,0,0,0,0,0,0
(주)힘스,238490,0,0,0,0,0,0,0,0,0
AJ네트웍스(주),95570,0,0,0,0,0,1,1,0,0
CS홀딩스(주),590,0,0,0,0,1,0,0,0,1
HD현대(주),267250,0,0,0,0,0,0,0,1,0
KB오토시스(주),24120,0,0,0,0,0,0,0,0,0
KD(주),44180,0,0,0,0,0,0,1,0,0
KG스틸(주),16380,0,0,0,0,0,0,0,0,0
KISCO홀딩스(주),1940,0,0,0,0,0,0,0,0,0
LG이노텍(주),11070,0,1,0,0,0,0,1,0,0
LS일렉트릭(주),10120,0,0,0,0,0,0,0,0,0
OCI(주),10060,0,0,0,0,0,0,0,0,0
SK이노베이션(주),96770,0,0,0,0,0,0,0,0,0
SNT모티브(주),64960,0,0,0,0,0,0,0,0,0
SNT중공업(주),3570,0,0,0,0,0,0,0,0,0
STX엔진(주),77970,0,1,0,0,0,0,0,0,0
STX중공업(주),71970,0,0,1,0,0,0,0,0,0
가온미디어(주),78890,0,0,0,0,0,0,0,0,0
가온전선(주),500,0,0,0,0,0,0,0,0,0
감성코퍼레이션(주),36620,0,1,0,0,0,0,0,0,1
강남제비스코(주),860,0,0,0,0,0,0,0,0,0
갤럭시아머니트리(주),94480,0,0,0,0,0,0,0,0,0
경남스틸(주),39240,0,0,0,0,0,0,0,0,0
경남제약(주),53950,0,0,0,0,0,0,0,0,0
경동제약(주),11040,0,0,0,0,0,0,0,0,0
경인전자(주),9140,0,0,0,0,0,0,1,1,0
경창산업(주),24910,0,0,0,0,0,0,0,0,0
계룡건설산업(주),13580,0,1,0,0,0,0,0,0,0
계양전기(주),12200,0,0,0,0,0,0,0,0,0
고려산업(주),2140,0,0,0,0,0,0,0,0,0
고려신용정보(주),49720,0,0,0,0,0,0,1,0,0
고려아연(주),10130,0,0,0,0,0,0,0,0,0
고려제강(주),2240,0,0,0,0,0,0,0,0,0
고려제약(주),14570,0,0,0,0,0,0,0,0,0
광동제약(주),9290,0,0,0,0,0,0,0,0,0
광전자(주),17900,0,0,0,1,0,0,0,0,0
광진실업(주),26910,0,0,0,0,0,0,0,0,0
국도화학(주),7690,0,0,0,0,0,0,0,0,0
국일신동(주),60480,0,0,0,0,0,0,0,0,0
국일제지(주),78130,0,0,0,0,0,0,0,0,1
국제약품(주),2720,0,0,0,0,0,0,0,0,0
그랜드코리아레저(주),114090,0,0,0,0,0,0,0,0,0
그레이트리치과기유한공사,900290,0,0,0,0,0,0,0,0,0
그린케미칼(주),83420,0,0,1,1,0,0,0,0,0
극동유화(주),14530,0,0,0,0,0,0,0,0,0
글로벌에스엠테크리미티드,900070,0,0,0,0,0,0,0,0,0
글로벌텍스프리(주),204620,0,0,0,0,0,0,0,0,1
글로본(주),19660,0,0,1,0,0,1,0,0,0
금강공업(주),14280,0,0,0,0,0,0,0,0,0
금강철강(주),53260,0,0,1,0,0,0,0,0,0
금호건설(주),2990,0,0,0,0,0,0,1,0,0
금호석유화학(주),11780,0,0,0,0,0,0,0,0,0
금호전기(주),1210,0,0,0,0,0,0,0,0,0
금호타이어(주),73240,0,0,0,0,0,0,0,0,0
기신정기(주),92440,0,0,0,0,0,0,0,0,0
기아(주),270,0,0,0,0,0,0,0,0,0
깨끗한나라(주),4540,0,0,0,0,0,0,0,0,0
나노캠텍(주),91970,0,0,0,0,0,0,0,0,0
나라엠앤디(주),51490,0,0,0,0,0,0,0,0,0
나무기술(주),242040,0,0,0,0,0,0,0,1,0
나이스정보통신(주),36800,0,0,0,0,0,0,0,0,0
나이스평가정보(주),30190,0,0,0,0,0,0,0,0,0
남광토건(주),1260,0,0,0,0,0,0,0,1,1
남양유업(주),3920,0,0,0,0,0,0,0,0,0
남해화학(주),25860,0,0,0,0,0,0,0,0,0
남화산업(주),111710,0,0,0,0,0,0,0,0,0
남화토건(주),91590,0,1,0,0,0,0,0,0,0
네이버(주),35420,0,0,0,1,0,0,0,1,0
넥센타이어(주),2350,0,0,0,0,0,0,0,0,0
넷마블(주),251270,0,0,0,0,0,0,0,0,0
농업회사법인(주)농우바이오,54050,0,0,0,0,0,0,0,0,0
농업회사법인아시아종묘(주),154030,0,0,0,0,0,0,0,0,0
뉴지랩파마(주),214870,0,0,0,0,0,0,0,0,0
다믈멀티미디어(주),93640,0,0,0,0,0,0,0,0,0
다스코(주),58730,0,0,0,0,0,0,0,0,0
대동금속(주),20400,0,0,0,0,0,0,0,0,0
대동기어(주),8830,0,0,0,0,0,0,0,0,0
대동전자(주),8110,0,0,0,0,0,0,0,0,0
대림비앤코(주),5750,0,0,0,0,0,0,0,0,0
대림통상(주),6570,0,0,0,0,0,0,0,0,0
대모엔지니어링(주),317850,0,0,0,0,0,0,0,0,0
대보마그네틱(주),290670,0,0,0,0,0,0,0,0,1
대봉엘에스(주),78140,0,0,0,0,0,0,0,0,0
대상(주),1680,0,0,0,0,0,1,0,0,0
대상홀딩스(주),84690,0,0,0,0,0,0,0,1,1
대성산업(주),128820,0,0,0,0,0,0,0,0,0
대성에너지(주),117580,0,0,0,0,0,0,0,0,0
대성홀딩스(주),16710,0,0,0,0,0,0,0,0,0
대신정보통신(주),20180,0,0,0,1,0,0,1,0,0
대아티아이(주),45390,0,0,0,0,0,0,0,0,0
대양전기공업(주),108380,0,0,0,0,0,0,0,0,0
대양제지공업(주),6580,0,0,0,0,0,0,0,0,0
대영포장(주),14160,0,0,0,0,0,0,0,0,0
대우전자부품(주),9320,0,0,0,0,0,0,0,0,0
대우조선해양(주),42660,0,0,0,0,0,0,0,0,0
대원강업(주),430,0,0,0,0,0,0,0,0,0
대원미디어(주),48910,0,0,0,0,0,1,0,0,0
대원산업(주),5710,0,0,0,0,0,0,0,0,0
대원전선(주),6340,0,0,0,0,0,0,0,0,0
대원제약(주),3220,0,0,0,0,0,0,0,0,0
대원화성(주),24890,0,0,0,0,0,0,0,0,0
대정화금(주),120240,0,0,0,0,0,0,0,0,0
대주산업(주),3310,0,0,0,0,0,0,0,0,0
대주전자재료(주),78600,0,0,0,0,0,1,0,0,0
대창단조(주),15230,0,0,0,0,0,0,0,0,0
대한광통신(주),10170,0,0,0,1,0,0,0,1,0
대한그린파워(주),60900,0,0,1,0,0,1,0,0,1
대한뉴팜(주),54670,0,0,0,0,0,0,0,0,0
대한방직(주),1070,0,0,0,0,0,0,0,0,0
대한약품공업(주),23910,0,0,0,0,0,0,0,0,0
대한유화(주),6650,0,0,0,0,0,0,0,0,0
대한전선(주),1440,0,0,0,0,0,0,0,0,0
대한제강(주),84010,0,0,0,0,0,0,0,0,0
대한제당(주),1790,0,0,0,0,0,0,0,0,0
대한제분(주),1130,0,0,0,0,0,0,0,0,0
대한해운(주),5880,0,0,0,0,0,0,0,0,0
대한화섬(주),3830,0,1,0,0,0,0,0,0,0
대화제약(주),67080,0,0,0,0,0,0,0,0,0
더이앤엠(주),89230,0,0,0,0,0,0,1,1,0
덕산네오룩스(주),213420,0,0,0,0,0,0,1,0,0
덕산하이메탈(주),77360,0,0,0,0,0,0,0,0,0
덕양산업(주),24900,0,0,0,0,0,0,0,0,0
덕우전자(주),263600,0,0,0,0,0,0,0,0,0
데브시스터즈(주),194480,0,0,0,0,1,0,1,0,0
도이치모터스(주),67990,0,1,0,1,0,0,1,0,0
동국산업(주),5160,0,0,0,1,0,0,0,0,0
동국제강(주),1230,0,0,0,0,1,0,0,0,0
동국제약(주),86450,0,0,0,0,0,0,0,0,0
동부건설(주),5960,0,1,0,0,0,0,0,0,0
동성제약(주),2210,0,0,0,0,0,0,0,0,0
동신건설(주),25950,0,0,0,0,0,0,0,0,0
동아쏘시오홀딩스(주),640,0,0,0,0,0,0,0,0,0
동아에스티(주),170900,0,0,0,0,0,0,0,0,0
동아타이어공업(주),282690,0,0,0,0,0,0,0,0,0
동아화성(주),41930,0,0,0,0,0,0,0,0,0
동양이엔피(주),79960,0,0,0,0,0,0,0,0,0
동양철관(주),8970,0,0,0,0,0,0,0,0,0
동양파일(주),228340,0,0,0,0,0,0,0,0,0
동양피스톤(주),92780,0,0,0,0,0,0,0,0,0
동원금속(주),18500,0,0,0,0,0,0,0,0,0
동원산업(주),6040,0,0,0,0,0,0,0,0,0
동원수산(주),30720,0,0,0,0,0,0,0,0,0
동원시스템즈(주),14820,0,0,0,0,0,0,1,0,0
동일고무벨트(주),163560,0,1,0,0,0,0,0,0,0
동일금속(주),109860,0,0,0,0,0,0,0,0,0
동일산업(주),4890,0,0,0,0,0,0,0,0,0
동일제강(주),2690,0,0,0,0,0,0,1,0,0
동일철강(주),23790,0,0,0,1,0,0,0,0,0
동화기업(주),25900,0,0,1,0,0,0,0,0,0
동화약품(주),20,0,0,0,0,0,0,0,0,0
두산밥캣(주),241560,0,0,0,0,0,0,0,1,0
두산에너빌리티(주),34020,0,0,0,0,0,0,0,0,0
두산퓨얼셀(주),336260,0,0,0,0,0,0,0,0,0
디씨엠(주),24090,0,0,0,0,0,0,0,0,0
디아이동일(주),1530,0,0,0,0,0,0,0,0,0
디아이티(주),110990,0,0,0,0,0,0,0,0,0
디에스알(주),155660,0,0,0,0,0,0,0,0,0
디에스알제강(주),69730,0,0,0,0,0,0,0,0,0
디엑스앤브이엑스(주),180400,0,0,0,0,0,0,0,0,0
디엘(주),210,0,0,0,0,0,0,1,0,0
디엘건설(주),1880,0,0,0,0,0,0,0,0,0
디와이(주),13570,0,0,0,0,0,0,0,0,0
디와이씨(주),310870,0,0,0,0,0,0,0,0,0
디와이파워(주),210540,0,0,0,0,0,0,0,0,0
디와이피엔에프(주),104460,0,0,0,0,0,0,0,0,1
디젠스(주),113810,0,1,0,0,0,0,0,0,0
디케이락(주),105740,0,0,1,0,0,0,0,0,0
라온시큐어(주),42510,0,1,0,0,0,1,0,0,0
라온피플(주),300120,0,0,0,0,0,0,0,0,0
램테크놀러지(주),171010,0,0,0,0,0,0,0,0,1
로스웰인터내셔널유한회사,900260,0,0,0,0,0,0,0,0,0
로체시스템즈(주),71280,0,0,0,0,0,1,0,0,0
롯데관광개발(주),32350,0,0,0,0,0,0,0,0,1
롯데쇼핑(주),23530,0,0,0,0,0,0,0,0,0
롯데정밀화학(주),4000,0,0,0,0,0,0,0,0,0
롯데정보통신(주),286940,0,0,0,0,0,0,0,0,1
롯데제과(주),280360,0,0,0,0,0,0,0,0,0
롯데지주(주),4990,0,0,0,0,0,0,0,0,0
롯데칠성음료(주),5300,0,0,0,0,0,0,0,0,0
롯데케미칼(주),11170,0,1,0,0,0,0,0,0,0
롯데하이마트(주),71840,0,0,1,0,0,0,0,0,0
리노공업(주),58470,0,0,0,0,0,0,0,0,0
마이크로로봇(주),182690,0,0,0,0,1,0,0,0,0
만호제강(주),1080,0,0,0,0,0,0,0,0,0
매일유업(주),267980,0,0,0,0,0,0,0,0,0
매일홀딩스(주),5990,0,0,0,0,0,0,0,1,0
메가스터디(주),72870,0,0,0,0,0,0,0,0,0
메가스터디교육(주),215200,0,0,0,0,0,0,0,1,0
메가엠디(주),133750,0,0,0,0,0,1,0,0,0
메디앙스(주),14100,0,0,0,0,0,0,0,0,0
메디포스트(주),78160,0,0,0,0,0,0,0,0,0
명문제약(주),17180,0,0,0,0,0,0,0,0,0
명성티엔에스(주),257370,0,0,0,0,0,0,0,0,0
모바일어플라이언스(주),87260,0,0,0,0,0,0,0,0,0
모트렉스(주),118990,0,0,0,0,0,0,0,1,0
무림에스피(주),1810,0,0,0,0,0,0,0,0,0
무림페이퍼(주),9200,0,0,0,0,0,0,0,0,0
무림피앤피(주),9580,0,0,0,0,0,0,0,0,0
문배철강(주),8420,0,0,0,0,0,0,0,0,0
미디어젠(주),279600,0,0,0,0,0,0,0,0,0
미래나노텍(주),95500,0,1,0,0,0,0,0,0,0
미래산업(주),25560,0,0,0,0,0,0,0,0,0
미스터블루(주),207760,0,0,0,0,1,1,1,0,1
미원상사(주),2840,0,0,0,0,0,0,0,0,0
미원스페셜티케미칼(주),268280,0,0,0,0,0,0,0,0,0
미원홀딩스(주),107590,0,0,0,0,0,0,0,0,0
미원화학(주),134380,0,0,0,0,0,0,0,0,0
미창석유공업(주),3650,0,0,0,0,0,0,0,0,0
바디텍메드(주),206640,0,0,0,0,1,0,0,0,0
바이온(주),32980,0,1,0,0,0,0,0,0,0
백광산업(주),1340,0,0,0,0,0,0,0,0,0
범양건영(주),2410,0,0,0,0,1,0,0,0,0
베뉴지(주),19010,0,0,0,0,0,0,1,0,0
보성파워텍(주),6910,0,0,0,0,0,0,1,0,0
보해양조(주),890,0,0,0,0,0,0,0,0,0
부광약품(주),3000,0,0,0,0,0,0,0,0,0
부국철강(주),26940,0,0,0,0,0,0,0,0,0
부산산업(주),11390,0,0,0,0,0,0,0,0,0
부산주공(주),5030,0,0,0,0,0,1,0,0,0
브릿지바이오테라퓨틱스(주),288330,0,0,0,0,0,0,0,0,0
비디아이(주),148140,0,0,0,0,0,0,0,0,1
비에이치아이(주),83650,0,1,0,0,0,0,0,0,0
비케이탑스(주),30790,0,0,0,0,0,0,0,0,0
비플라이소프트(주),148780,0,0,0,0,0,0,0,0,0
빛샘전자(주),72950,0,1,0,0,0,0,0,0,0
사조동아원(주),8040,0,0,0,0,0,0,0,0,0
사조산업(주),7160,0,0,0,0,0,0,1,0,0
사조씨푸드(주),14710,0,1,0,0,0,0,0,0,0
삼강엠앤티(주),100090,0,0,0,0,0,0,0,0,1
삼륭물산(주),14970,0,0,0,0,0,0,0,0,0
삼목에스폼(주),18310,0,0,1,0,0,0,0,0,0
삼보모터스(주),53700,0,0,0,0,0,0,0,0,0
삼보산업(주),9620,0,0,1,1,0,1,0,0,0
삼부토건(주),1470,0,0,0,0,0,0,0,0,0
삼성SDI(주),6400,0,0,0,1,0,0,0,0,0
삼성공조(주),6660,0,0,0,0,0,0,0,0,0
삼성물산(주),28260,0,0,0,0,1,0,0,0,0
삼성바이오로직스(주),207940,0,0,0,0,0,0,1,0,0
삼성에스디에스(주),18260,0,0,0,0,0,0,0,0,0
삼성엔지니어링(주),28050,0,0,0,0,0,0,0,0,0
삼성전기(주),9150,0,0,0,0,0,0,0,0,0
삼성전자(주),5930,0,0,0,0,0,0,0,0,0
삼성제약(주),1360,0,0,0,0,0,0,0,0,0
삼성중공업(주),10140,0,0,0,0,0,0,0,0,0
삼아알미늄(주),6110,0,0,0,0,0,0,0,0,0
삼아제약(주),9300,0,0,0,0,0,0,0,0,0
삼양식품(주),3230,0,0,0,0,0,0,0,0,0
삼양통상(주),2170,0,0,0,0,0,0,0,0,0
삼영무역(주),2810,0,0,0,0,0,0,0,0,0
삼영엠텍(주),54540,0,0,0,0,0,0,0,0,0
삼영이엔씨(주),65570,0,0,0,0,0,0,0,0,0
삼영전자공업(주),5680,0,0,0,0,0,0,0,0,0
삼영화학공업(주),3720,0,0,0,0,0,0,0,0,0
삼익티에이치케이(주),4380,0,0,0,0,0,0,0,0,0
삼일제약(주),520,0,0,0,0,0,0,0,0,0
삼정펄프(주),9770,0,0,0,0,0,0,0,0,0
삼지전자(주),37460,0,0,0,0,0,0,0,0,0
삼진제약(주),5500,0,0,0,0,0,0,0,0,0
삼천당제약(주),250,0,0,0,0,0,0,0,0,0
삼천리자전거(주),24950,0,0,0,0,0,0,1,0,0
삼현철강(주),17480,0,0,0,0,0,0,0,0,0
삼호개발(주),10960,0,0,0,0,1,0,0,1,0
삼화왕관(주),4450,0,0,0,0,0,0,0,0,0
삼화전기(주),9470,0,0,0,0,0,0,0,0,0
삼화전자공업(주),11230,0,0,0,0,0,0,0,0,0
삼화콘덴서공업(주),1820,0,0,0,0,0,0,0,1,0
삼화페인트공업(주),390,0,0,0,0,0,0,0,0,0
상신브레이크(주),41650,0,0,0,0,0,0,0,0,0
상신이디피(주),91580,0,0,0,0,0,0,0,1,0
상신전자(주),263810,0,0,0,0,0,0,0,0,0
새론오토모티브(주),75180,0,0,0,0,0,0,0,0,0
샘표(주),7540,0,0,0,0,0,0,0,0,0
샘표식품(주),248170,0,0,0,0,0,0,0,0,0
서암기계공업(주),100660,0,0,0,0,0,0,0,0,0
서울도시가스(주),17390,0,0,0,0,0,0,0,0,0
서울반도체(주),46890,0,0,0,0,0,0,1,0,0
서울식품공업(주),4410,0,0,0,0,0,0,1,0,0
서울전자통신(주),27040,0,0,0,0,0,1,0,0,0
서호전기(주),65710,0,0,0,0,0,0,0,0,0
선도전기(주),7610,0,0,0,0,0,0,0,0,0
성문전자(주),14910,0,0,0,0,0,0,0,0,0
성보화학(주),3080,0,0,0,0,0,0,0,0,0
성신양회(주),4980,0,0,0,0,0,0,0,0,0
성우전자(주),81580,0,0,0,0,0,0,0,0,0
성우테크론(주),45300,0,0,0,0,0,0,0,0,0
성창기업지주(주),180,0,0,0,1,0,0,0,0,0
성호전자(주),43260,0,0,0,0,0,0,0,0,0
세기상사(주),2420,0,0,0,0,0,0,0,0,0
세명전기공업(주),17510,0,0,0,0,0,0,0,0,0
세방(주),4360,0,0,0,0,0,0,0,0,0
세방전지(주),4490,0,0,0,0,0,0,0,0,0
세원이앤씨(주),91090,0,0,0,0,0,0,0,0,0
세종공업(주),33530,0,0,0,0,0,0,0,0,0
세종텔레콤(주),36630,0,0,0,0,1,0,0,0,1
세하(주),27970,0,0,0,0,0,0,0,0,0
소니드(주),60230,0,0,1,0,0,0,0,0,0
소프트캠프(주),258790,0,0,0,0,0,0,0,0,1
솔루스첨단소재(주),336370,0,0,0,0,0,0,0,0,0
솔브레인홀딩스(주),36830,0,1,0,0,0,0,0,0,0
송원산업(주),4430,0,0,0,0,0,0,0,0,0
스튜디오드래곤(주),253450,0,0,0,0,0,0,0,1,1
시그네틱스(주),33170,0,1,0,0,0,0,0,0,0
신대양제지(주),16590,0,0,0,0,0,0,0,0,0
신라교역(주),4970,0,0,0,0,0,0,0,0,0
신라섬유(주),1000,0,0,0,0,0,0,0,0,0
신라에스지(주),25870,0,0,0,0,0,0,0,0,0
신라젠(주),215600,0,0,0,0,0,0,0,1,0
신성델타테크(주),65350,0,0,0,0,0,0,0,1,0
신성통상(주),5390,0,0,0,0,0,0,0,0,0
신세계건설(주),34300,0,0,0,0,1,0,0,0,0
신송홀딩스(주),6880,0,0,0,1,0,0,0,0,1
신신제약(주),2800,0,0,0,0,0,0,0,0,0
신원종합개발(주),17000,0,0,0,0,0,1,0,1,0
신일전자(주),2700,0,0,0,0,0,0,0,0,0
신일제약(주),12790,0,0,0,0,0,0,0,0,0
신풍제약(주),19170,0,0,0,0,0,0,0,0,0
신풍제지(주),2870,0,0,0,0,0,0,0,0,0
신화인터텍(주),56700,0,0,0,0,0,0,0,0,0
신흥에스이씨(주),243840,0,0,0,0,0,0,0,1,0
쌍용씨앤이(주),3410,0,0,0,0,0,0,1,0,0
쌍용자동차(주),3620,0,0,0,0,0,0,0,0,0
쌍용정보통신(주),10280,0,0,0,0,0,0,0,0,0
써니전자(주),4770,0,0,0,0,0,0,0,0,0
씨비아이(주),13720,0,0,0,0,0,0,0,0,0
씨아이에스(주),222080,0,0,0,0,0,0,1,1,1
씨앤지하이테크(주),264660,0,0,0,0,0,0,0,0,0
씨앤티85(주),56730,0,0,0,0,0,1,1,1,0
씨에스베어링(주),297090,0,0,0,0,0,0,0,0,0
씨에스윈드(주),112610,0,0,0,0,1,0,0,0,1
씨제이(주),1040,0,0,0,0,0,0,0,1,0
씨제이대한통운(주),120,0,0,1,0,0,0,0,0,0
씨제이바이오사이언스(주),311690,0,0,0,0,0,0,0,0,0
씨제이씨지브이(주),79160,0,0,1,0,0,0,0,1,0
씨제이씨푸드(주),11150,0,0,0,0,1,0,0,0,0
씨제이제일제당(주),97950,0,0,0,0,0,0,0,1,0
씨제이프레시웨이(주),51500,0,0,0,1,0,0,0,1,0
씨케이에이치푸드앤헬스리미티드,900120,0,0,0,0,0,0,0,0,0
씨큐브(주),101240,0,0,0,0,0,0,0,0,0
아남전자(주),8700,0,0,0,0,0,0,0,0,0
아미코젠(주),92040,0,0,0,1,0,0,0,0,0
아비코전자(주),36010,0,0,0,0,0,0,0,1,0
아세아(주),2030,0,0,0,0,0,0,0,0,0
아세아시멘트(주),183190,0,0,0,0,0,0,0,0,0
아세아제지(주),2310,0,0,1,0,0,0,0,0,0
아시아나아이디티(주),267850,0,0,0,0,0,0,0,0,0
아시아나항공(주),20560,0,0,0,0,0,0,0,0,0
아이쓰리시스템(주),214430,0,0,0,0,0,1,0,0,0
아이에스동서(주),10780,0,0,0,0,0,0,0,0,0
아이진(주),185490,0,0,0,0,0,1,0,0,0
아이큐어(주),175250,0,0,0,0,0,0,0,0,1
아이크래프트(주),52460,0,0,1,0,0,0,0,0,0
아이텍(주),119830,0,0,0,0,0,0,0,0,0
아진산업(주),13310,0,0,0,0,0,0,0,0,0
안국약품(주),1540,0,0,0,0,1,0,0,0,0
알리코제약(주),260660,0,0,0,0,0,0,0,0,0
알서포트(주),131370,0,0,1,0,0,0,0,0,0
알에스오토메이션(주),140670,0,0,0,0,0,0,0,0,0
알에프머트리얼즈(주),327260,0,0,0,0,0,0,0,0,0
알에프에이치아이씨(주),218410,0,0,0,0,0,0,0,0,0
압타바이오(주),293780,0,0,0,0,0,0,0,0,0
애경산업(주),18250,0,0,0,0,0,0,0,0,0
애경케미칼(주),161000,0,1,0,0,0,0,0,0,0
애니젠(주),196300,0,0,0,0,0,0,1,1,0
애머릿지코퍼레이션,900100,0,0,0,0,0,0,0,0,1
앱클론(주),174900,0,0,0,0,0,0,0,0,0
어보브반도체(주),102120,0,0,1,1,0,0,0,0,0
에스넷시스템(주),38680,0,0,0,0,0,0,0,0,0
에스디엔(주),99220,0,0,0,0,0,0,0,0,1
에스맥(주),97780,0,1,0,0,0,0,0,0,0
에스비더블유생명과학(주),151910,0,1,1,1,0,0,0,0,0
에스비아이핀테크솔루션즈(주),950110,0,0,0,0,0,0,0,0,0
에스씨아이평가정보(주),36120,0,0,0,0,0,0,1,0,0
에스엔유프리시젼(주),80000,0,0,0,0,0,0,0,0,0
에스엔케이폴리텍(주),91340,0,0,0,0,0,0,0,1,0
에스엘(주),5850,0,0,0,0,0,1,0,0,1
에스와이(주),109610,0,0,0,0,0,0,1,0,0
에스지씨에너지(주),5090,0,0,0,0,0,0,0,0,0
에스지씨이테크건설(주),16250,0,0,0,0,0,0,0,1,0
에스지에이(주),49470,0,0,1,0,0,1,0,0,1
에스지에이솔루션즈(주),184230,0,0,0,0,1,1,0,0,0
에스지이(주),255220,0,0,0,0,0,0,0,0,1
에스케이(주),34730,0,0,0,0,0,0,0,0,0
에스케이가스(주),18670,0,0,0,0,0,0,0,1,0
에스케이네트웍스(주),1740,0,0,0,0,0,0,0,0,0
에스케이디스커버리(주),6120,0,0,0,0,0,0,0,1,0
에스케이디앤디(주),210980,0,0,0,0,0,0,1,1,1
에스케이렌터카(주),68400,0,1,0,0,0,0,0,0,0
에스케이씨(주),11790,0,0,0,0,0,0,0,0,0
에스케이케미칼(주),285130,0,0,0,0,0,0,0,0,0
에스케이텔레콤(주),17670,0,0,0,0,0,0,0,0,0
에스케이하이닉스(주),660,0,0,0,0,0,0,0,0,0
에스텍(주),69510,0,0,0,0,0,0,0,0,0
에스트래픽(주),234300,0,0,0,0,0,0,0,0,0
에스티팜(주),237690,0,0,0,0,0,0,0,0,0
에스퓨얼셀(주),288620,0,0,0,0,0,0,0,0,1
에쓰-오일(주),10950,0,0,0,0,0,0,0,0,0
에쓰씨엔지니어링(주),23960,0,0,1,0,0,0,0,0,0
에어부산(주),298690,0,0,0,0,0,0,0,0,0
에이비엘바이오(주),298380,0,0,0,0,0,0,0,0,1
에이에프더블류(주),312610,0,0,0,0,0,0,0,0,0
에이치디씨(주),12630,0,0,0,0,0,0,0,0,0
에이치디씨랩스(주),39570,0,0,0,0,0,0,1,0,0
에이치디씨현대산업개발(주),294870,0,0,0,0,0,0,0,0,0
에이치디씨현대이피(주),89470,0,0,0,0,0,0,0,0,0
에이치에스디엔진(주),82740,0,0,0,0,0,0,0,0,0
에이치엘비(주),28300,0,1,0,0,0,0,0,0,0
에이치엘비글로벌(주),3580,0,0,0,1,0,1,0,0,0
에이치엘비생명과학(주),67630,0,0,1,0,0,1,0,1,0
에이치엘비제약(주),47920,0,0,0,0,0,0,0,0,0
에이치엘비테라퓨틱스(주),115450,0,0,1,0,0,0,0,0,0
에이치엠엠(주),11200,0,0,0,0,0,0,0,0,0
에이케이홀딩스(주),6840,0,0,0,0,0,1,0,0,0
에이테크솔루션(주),71670,0,0,0,0,0,0,0,0,0
에이프로젠제약(주),3060,0,0,0,0,0,0,0,0,0
에이피시스템(주),265520,0,0,0,0,0,0,0,0,0
에이피에스홀딩스(주),54620,0,0,0,0,0,0,0,1,0
에이피위성(주),211270,0,0,0,0,0,0,0,0,0
에이피티씨(주),89970,0,0,0,0,0,0,0,0,0
에코바이오홀딩스(주),38870,0,0,0,1,0,0,0,0,0
에코캡(주),128540,0,0,0,0,0,0,0,0,0
에코플라스틱(주),38110,0,0,0,0,0,0,0,0,0
에프엔에스테크(주),83500,0,0,0,0,0,0,0,0,0
엑스큐어(주),70300,0,0,0,0,0,0,0,0,0
엔브이에이치코리아(주),67570,0,0,0,0,0,0,0,0,0
엔시트론(주),101400,0,0,0,0,0,0,0,0,0
엔에이치엔(주),181710,0,0,0,0,0,1,0,1,0
엔에이치엔한국사이버결제(주),60250,0,0,0,0,0,0,0,0,0
엔피씨(주),4250,0,0,0,0,0,0,0,0,0
엘브이엠씨홀딩스(주),900140,0,0,0,0,0,0,0,0,0
엘비세미콘(주),61970,0,0,0,0,0,0,0,0,0
엘아이지넥스원(주),79550,0,0,0,0,0,0,0,0,0
엘에스전선아시아(주),229640,0,0,0,0,0,0,0,1,0
엘지디스플레이(주),34220,0,0,0,0,0,0,0,0,0
엘지전자(주),66570,0,0,0,0,0,0,0,0,0
엘컴텍(주),37950,0,0,0,0,0,0,0,0,0
엘티씨(주),170920,0,0,0,0,0,0,0,0,0
엠에프엠코리아(주),323230,0,0,0,0,0,0,0,0,0
엠케이전자(주),33160,0,0,0,0,0,0,0,0,0
영보화학(주),14440,0,0,0,0,0,0,0,0,0
영신금속공업(주),7530,0,0,0,0,0,0,0,0,0
영진약품(주),3520,0,0,0,0,0,0,0,0,0
영풍정밀(주),36560,0,0,0,0,0,0,0,0,0
영풍제지(주),6740,0,0,0,0,0,0,0,0,0
영화금속(주),12280,0,0,0,1,0,0,1,1,0
영화테크(주),265560,0,0,0,0,0,0,0,0,0
예스이십사(주),53280,0,0,0,0,0,0,0,0,0
오가닉티코스메틱스홀딩스컴퍼니리미티드,900300,0,0,0,0,0,0,0,0,0
오로라월드(주),39830,0,0,0,0,0,0,0,0,0
오상자이엘(주),53980,0,0,0,1,0,1,0,0,0
오성첨단소재(주),52420,0,0,0,0,0,0,0,0,0
오션브릿지(주),241790,0,0,0,0,0,0,1,1,0
오스템임플란트(주),48260,0,0,0,0,0,1,0,0,0
올리패스(주),244460,0,0,0,0,0,0,0,0,0
올릭스(주),226950,0,0,0,0,0,0,0,0,1
옴니시스템(주),57540,0,0,1,0,0,0,0,0,0
옵티시스(주),109080,0,0,0,0,0,0,0,0,0
와이더블유(주),51390,0,0,0,0,0,0,0,1,0
와이아이케이(주),232140,0,0,0,0,0,0,1,0,0
와이엠씨(주),155650,0,1,0,0,0,1,1,0,0
와이엠티(주),251370,0,0,0,0,0,0,0,0,0
와토스코리아(주),79000,0,0,0,0,0,0,0,0,0
우리바이오(주),82850,0,0,1,1,0,0,1,0,1
우리산업(주),215360,0,0,0,0,0,0,0,0,0
우리산업홀딩스(주),72470,0,0,0,0,0,1,0,0,0
우리손에프앤지농업회사법인(주),73560,0,0,0,0,0,0,0,0,0
우리엔터프라이즈(주),37400,0,0,1,0,1,0,0,1,0
우리이앤엘(주),153490,0,0,0,0,0,0,0,0,0
우림피티에스(주),101170,0,0,0,0,0,0,1,0,0
우수AMS(주),66590,0,0,0,0,0,0,0,0,0
우원개발(주),46940,0,0,0,0,0,0,0,0,0
우진비앤지(주),18620,0,0,0,0,0,0,0,0,0
원텍(주),336570,0,0,0,0,0,0,0,0,0
원풍물산(주),8290,0,0,0,0,0,0,0,0,0
웰바이오텍(주),10600,0,0,0,0,0,0,0,1,0
웹케시(주),53580,0,0,0,0,0,0,0,0,0
위즈코프(주),38620,0,0,0,0,1,0,0,1,0
윈텍(주),320000,0,0,0,0,0,0,0,0,0
윙입푸드홀딩스,900340,0,0,0,0,0,0,0,0,0
유네코(주),64510,0,0,0,0,0,0,0,0,0
유니셈(주),36200,0,0,0,0,0,0,1,1,0
유니슨(주),18000,0,0,0,0,0,0,0,0,0
유니온머티리얼(주),47400,0,0,0,0,0,0,0,0,0
유니퀘스트(주),77500,0,0,0,1,0,0,0,0,0
유비벨록스(주),89850,0,0,0,0,0,0,0,0,0
유성기업(주),2920,0,0,0,0,0,0,0,0,0
유아이엘(주),49520,0,0,1,0,0,0,0,0,0
유엔젤(주),72130,0,0,0,0,0,0,0,0,0
유진기업(주),23410,0,0,0,0,0,0,1,0,0
율촌화학(주),8730,0,0,0,0,0,0,0,0,0
이건산업(주),8250,0,0,0,0,0,0,0,0,0
이구산업(주),25820,0,0,0,0,0,0,0,0,0
이노시스(주),56090,0,0,0,0,0,0,0,0,0
이니텍(주),53350,0,1,0,0,0,0,0,0,0
이스트아시아홀딩스인베스트먼트리미티드,900110,0,0,0,0,0,0,0,0,0
이엠코리아(주),95190,0,0,0,0,0,0,0,0,0
이연제약(주),102460,0,0,0,0,0,0,0,0,0
이원다이애그노믹스(주),245620,0,0,0,0,0,0,0,0,0
이원컴포텍(주),88290,0,0,1,1,0,0,0,0,0
이지케어텍(주),99750,0,0,0,0,0,0,0,0,0
이트론(주),96040,0,0,0,0,0,0,0,1,1
이화공영(주),1840,0,0,0,0,0,0,0,0,0
이화산업(주),760,0,0,0,0,0,0,0,0,0
이화전기공업(주),24810,0,1,0,0,0,0,0,0,0
인베니아(주),79950,0,0,0,0,0,1,1,0,0
인선이엔티(주),60150,0,0,0,1,0,0,0,0,0
인지컨트롤스(주),23800,0,0,1,0,0,0,0,0,0
인천도시가스(주),34590,0,0,0,0,0,0,0,0,0
인크로스(주),216050,0,0,0,0,0,0,0,0,0
인탑스(주),49070,0,0,0,0,0,0,0,1,0
인터지스(주),129260,0,0,0,0,0,0,0,0,0
인포뱅크(주),39290,0,0,0,0,0,0,0,1,0
인화정공(주),101930,0,0,0,0,0,0,0,0,0
일동제약(주),249420,0,0,0,0,0,0,0,0,0
일동홀딩스(주),230,0,0,0,0,0,0,0,0,0
일성건설(주),13360,0,0,0,0,0,1,0,0,0
일성신약(주),3120,0,0,0,0,0,0,0,0,0
일신방직(주),3200,0,0,0,0,0,0,0,0,0
일양약품(주),7570,0,0,0,0,0,0,0,0,0
일정실업(주),8500,0,0,0,0,0,0,0,0,0
일진다이아몬드(주),81000,0,0,0,0,0,0,0,0,0
일진디스플레이(주),20760,0,1,0,0,0,0,0,0,0
일진머티리얼즈(주),20150,0,0,0,0,0,0,0,0,0
일진전기(주),103590,0,0,0,0,0,0,0,0,0
일진홀딩스(주),15860,0,0,0,0,0,0,0,0,1
잉글우드랩(주),950140,0,0,0,0,0,0,0,0,0
자이글(주),234920,0,0,0,0,0,0,1,0,0
자이에스앤디(주),317400,0,0,0,0,0,0,0,0,0
자화전자(주),33240,0,0,1,0,0,1,0,0,0
재영솔루텍(주),49630,0,0,0,0,0,0,0,0,0
전방(주),950,0,0,0,0,0,0,0,0,0
전진바이오팜(주),110020,0,0,0,0,0,0,0,0,0
제너셈(주),217190,0,0,0,0,0,0,0,1,0
제룡산업(주),147830,0,1,0,0,0,0,0,1,0
제룡전기(주),33100,0,0,0,1,0,0,0,0,0
제이더블유생명과학(주),234080,0,0,0,0,0,0,0,0,0
제이더블유신약(주),67290,0,0,0,0,0,0,1,0,0
제이더블유중외제약(주),1060,0,0,0,0,0,0,0,0,0
제이더블유홀딩스(주),96760,0,0,1,0,0,0,0,0,0
제이스코홀딩스(주),23440,0,0,1,0,1,0,0,0,1
제이씨케미칼(주),137950,0,0,1,0,0,0,0,1,1
제이씨현시스템(주),33320,0,0,0,0,0,0,0,0,0
제이엔케이히터(주),126880,0,0,1,0,1,0,0,0,0
제이엠아이(주),33050,0,0,0,0,0,0,0,0,0
제이엠티(주),94970,0,0,0,0,0,0,0,0,0
제이준코스메틱(주),25620,0,0,0,0,0,1,1,0,1
제일약품(주),271980,0,0,0,0,0,0,0,0,0
제일연마공업(주),1560,0,0,0,0,0,0,0,0,0
제일파마홀딩스(주),2620,0,0,0,0,0,0,0,0,0
조광아이엘아이(주),44060,0,0,0,0,1,0,0,0,1
조광페인트(주),4910,0,0,0,0,0,0,0,0,0
조광피혁(주),4700,0,0,0,0,0,0,0,0,0
조선내화(주),480,0,0,0,0,0,0,0,0,0
조선선재(주),120030,0,0,0,0,0,0,0,0,0
조아제약(주),34940,0,0,0,0,0,0,0,0,0
조일알미늄(주),18470,0,0,0,0,0,0,0,0,0
주성엔지니어링(주),36930,0,0,0,0,0,0,0,0,0
줌인터넷(주),239340,0,0,0,0,0,0,0,0,0
지나인제약(주),78650,0,0,0,0,1,0,0,0,0
지니언스(주),263860,0,0,0,0,0,0,0,0,0
지더블유바이텍(주),36180,0,0,0,0,0,0,0,0,0
지에스건설(주),6360,0,0,0,0,0,0,0,0,0
지에이치신소재(주),130500,0,0,0,0,0,0,0,1,0
지엔원에너지(주),270520,0,0,0,0,0,0,0,0,0
지엘팜텍(주),204840,0,0,0,0,0,0,0,0,0
지엠비코리아(주),13870,0,1,0,0,0,0,0,0,0
진양산업(주),3780,0,0,0,0,0,0,0,0,0
진양제약(주),7370,0,0,0,0,0,0,0,0,0
진양폴리우레탄(주),10640,0,0,0,0,0,1,0,0,0
진양화학(주),51630,0,0,0,0,0,0,0,0,0
진원생명과학(주),11000,0,0,0,0,1,0,0,1,0
진흥기업(주),2780,0,0,0,0,0,0,0,0,1
차이나크리스탈신소재홀딩스,900250,0,0,0,0,0,0,0,0,0
참엔지니어링(주),9310,0,0,0,0,0,0,0,0,0
참존글로벌(주),158310,0,0,0,0,0,0,0,1,0
참좋은여행(주),94850,0,0,1,0,0,0,0,0,0
카페24(주),42000,0,0,0,0,0,0,0,0,0
커머스마이너 (주),223310,0,0,0,0,0,1,1,1,0
컨버즈(주),109070,0,0,0,0,0,0,1,0,0
컬러레이홀딩스,900310,0,0,0,0,0,0,0,0,0
케이디켐(주),221980,0,0,0,0,0,0,0,0,0
케이만금세기차륜집단유한공사,900280,0,0,0,0,0,0,0,0,0
케이비아이동국실업(주),1620,0,0,0,0,0,0,0,0,0
케이비아이메탈(주),24840,0,0,0,0,0,0,1,0,0
케이씨그린홀딩스(주),9440,0,0,0,0,1,0,0,0,0
케이씨코트렐(주),119650,0,0,0,0,0,0,0,0,0
케이알모터스(주),40,0,0,0,1,0,0,0,0,0
케이에이치건설(주),226360,0,0,0,0,0,0,1,0,1
케이에이치전자(주),111870,0,0,0,0,0,0,0,0,0
케이엠제약(주),225430,0,0,0,0,0,0,0,0,0
케이지이티에스(주),151860,0,0,0,0,0,0,0,0,0
케이지케미칼(주),1390,0,0,0,0,0,0,0,0,0
케이피엑스라이프사이언스(주),114450,0,0,0,0,0,0,0,0,0
케이피엑스케미칼(주),25000,0,0,0,0,0,0,0,0,0
케이피엑스홀딩스(주),92230,0,0,0,1,0,0,0,0,0
코나아이(주),52400,0,1,0,0,0,0,0,1,0
코드네이처(주),78940,0,0,0,0,0,0,0,1,1
코리아에프티(주),123410,0,1,0,0,0,0,0,0,0
코스맥스(주),192820,0,0,0,0,1,0,0,0,0
코스맥스비티아이(주),44820,0,0,0,0,1,1,0,0,0
코스맥스엔비티(주),222040,0,0,0,0,0,1,0,1,0
코스모신소재(주),5070,0,0,0,0,0,0,0,0,0
코스모화학(주),5420,0,0,0,0,0,0,0,0,0
코아스템(주),166480,0,0,0,0,0,1,0,0,0
코오롱글로벌(주),3070,0,0,0,0,0,0,0,0,0
코오롱생명과학(주),102940,0,1,0,1,0,0,0,0,0
코오롱인더스트리(주),120110,0,0,0,0,0,0,0,0,0
코오롱티슈진(주),950160,0,0,0,0,0,0,0,0,0
코오롱플라스틱(주),138490,0,0,0,0,0,0,0,0,0
코웨이(주),21240,0,0,0,0,0,0,0,0,0
코웰패션(주),33290,0,0,0,0,1,0,1,0,0
코위버(주),56360,0,0,0,0,0,0,0,0,0
콜마비앤에이치(주),200130,0,0,0,0,0,0,0,0,1
쿠쿠홀딩스(주),192400,0,0,0,0,0,1,0,1,0
쿠쿠홈시스(주),284740,0,0,0,0,0,0,0,0,0
큐렉소(주),60280,0,0,0,0,0,0,1,1,0
크로바하이텍(주),43590,0,0,0,0,0,0,0,0,0
크루셜텍(주),114120,0,0,0,0,0,0,0,0,0
크리스탈지노믹스(주),83790,0,0,0,0,0,0,0,0,0
키네마스터(주),139670,0,0,0,0,0,0,0,0,1
태경산업(주),15890,0,0,0,0,0,0,0,1,0
태경케미컬(주),6890,0,0,0,0,0,0,0,0,0
태광산업(주),3240,0,0,0,0,0,0,0,0,0
태림포장(주),11280,0,0,0,0,0,1,0,0,0
태양금속공업(주),4100,0,0,0,0,0,0,0,0,0
태원물산(주),1420,0,0,0,0,0,0,0,0,0
태평양물산(주),7980,0,0,0,0,0,0,0,0,0
테고사이언스(주),191420,0,0,0,0,0,0,0,0,0
테라사이언스(주),73640,0,0,0,0,0,0,0,1,0
텔코웨어(주),78000,0,0,0,0,0,0,0,0,0
티와이엠(주),2900,0,0,0,0,0,0,0,0,0
티제이미디어(주),32540,0,0,0,0,0,0,0,0,0
티케이지애강(주),22220,0,0,0,0,0,0,0,0,0
티케이지휴켐스(주),69260,0,0,0,0,0,0,0,0,0
팅크웨어(주),84730,0,0,0,0,0,0,0,0,0
파나케이아(주),58530,0,0,0,0,0,0,0,0,0
파미셀(주),5690,0,0,1,0,0,0,0,0,0
팜젠사이언스(주),4720,0,0,0,0,0,0,0,0,0
패션플랫폼(주),225590,0,0,0,0,0,0,0,1,1
팬오션(주),28670,0,0,0,0,0,0,0,0,0
퍼스텍(주),10820,0,0,0,0,0,0,0,0,0
펌텍코리아(주),251970,0,0,0,0,0,0,0,0,0
페이퍼코리아(주),1020,0,0,0,0,0,0,0,1,0
평화산업(주),90080,0,0,0,1,0,0,0,0,0
평화홀딩스(주),10770,0,0,0,0,0,0,1,0,0
포스코스틸리온(주),58430,0,0,0,0,0,0,0,0,0
포스코홀딩스(주),5490,0,0,0,0,0,0,0,0,0
풍국주정공업(주),23900,0,0,0,0,0,0,0,0,0
피씨엘(주),241820,0,0,0,0,0,0,0,1,0
피앤씨테크(주),237750,0,0,0,0,0,0,0,0,0
피에스케이(주),319660,0,0,0,0,0,0,0,0,0
피에스케이홀딩스(주),31980,0,0,0,0,0,0,0,0,0
피에스텍(주),2230,0,0,0,0,0,0,0,0,0
피에이치에이(주),43370,0,0,0,0,0,0,0,0,0
하나마이크론(주),67310,0,0,0,0,0,0,0,0,0
하나머티리얼즈(주),166090,0,0,0,0,0,0,0,1,0
하나제약(주),293480,0,0,0,0,0,0,0,0,0
하이록코리아(주),13030,0,0,0,0,0,0,0,0,0
하이즈항공(주),221840,0,0,0,0,0,0,1,0,0
하이트진로(주),80,0,0,0,0,0,0,0,0,0
하이트진로홀딩스(주),140,0,0,0,0,0,0,0,1,0
한국가스공사(주),36460,0,0,0,0,0,0,0,0,0
한국공항(주),5430,0,0,0,0,0,0,0,0,0
한국기업평가(주),34950,0,0,0,0,0,0,0,0,0
한국내화(주),10040,0,0,0,0,0,0,0,0,0
한국단자공업(주),25540,0,0,0,0,0,0,0,0,0
한국맥널티(주),222980,0,0,0,0,0,1,0,0,0
한국석유공업(주),4090,0,0,0,0,0,0,0,0,0
한국선재(주),25550,0,0,0,0,0,0,0,0,0
한국수출포장공업(주),2200,0,0,0,0,0,0,0,1,0
한국쉘석유(주),2960,0,0,0,0,0,0,0,0,0
한국알콜산업(주),17890,0,0,0,0,0,0,0,0,0
한국앤컴퍼니(주),240,0,0,0,0,0,0,0,0,1
한국유나이티드제약(주),33270,0,0,0,0,0,0,0,0,0
한국유니온제약(주),80720,0,0,0,0,0,0,0,0,0
한국전력공사(주),15760,0,0,0,0,0,0,0,0,0
한국전력기술(주),52690,0,0,0,0,0,0,0,0,0
한국전자금융(주),63570,0,0,0,0,0,0,0,1,0
한국전자인증(주),41460,0,0,0,0,0,0,0,0,0
한국정밀기계(주),101680,0,0,0,0,0,0,0,0,0
한국정보공학(주),39740,0,0,0,0,0,0,1,0,0
한국정보인증(주),53300,0,0,0,0,0,0,0,0,1
한국정보통신(주),25770,0,0,0,0,0,0,0,0,0
한국조선해양(주),9540,0,0,0,0,0,0,0,0,0
한국주강(주),25890,0,0,0,0,0,0,1,0,0
한국주철관공업(주),970,0,0,0,0,0,0,0,0,0
한국지역난방공사,71320,0,0,0,0,0,0,0,0,0
한국철강(주),104700,0,0,0,0,0,0,0,0,0
한국컴퓨터(주),54040,0,0,0,0,0,0,0,0,0
한국콜마(주),161890,0,0,0,0,0,0,0,0,0
한국콜마홀딩스(주),24720,0,0,0,0,0,0,0,1,0
한국타이어앤테크놀로지(주),161390,0,1,0,0,0,0,0,0,0
한국프랜지공업(주),10100,0,0,0,0,0,0,0,0,0
한국항공우주산업(주),47810,0,0,0,0,0,0,0,0,0
한국화장품(주),123690,0,0,0,0,0,0,0,0,0
한라아이엠에스(주),92460,0,0,0,0,0,0,0,0,0
한미반도체(주),42700,0,0,0,0,0,0,0,0,0
한미사이언스(주),8930,0,0,0,0,0,0,0,0,0
한미약품(주),128940,0,0,0,0,0,0,0,0,0
한성기업(주),3680,0,0,0,0,0,0,0,1,0
한세실업(주),105630,0,0,0,0,0,0,0,0,0
한세엠케이(주),69640,0,0,0,0,0,0,0,0,0
한세예스24홀딩스(주),16450,0,0,0,0,0,0,1,1,0
한솔로지스틱스(주),9180,0,0,0,0,0,0,0,1,0
한솔아이원스(주),114810,0,0,0,0,0,0,1,0,0
한솔인티큐브(주),70590,0,0,0,0,0,0,0,0,0
한솔제지(주),213500,0,0,0,0,0,0,1,0,0
한솔테크닉스(주),4710,0,0,0,1,0,0,0,0,0
한솔피엔에스(주),10420,0,0,0,0,0,0,0,0,0
한솔홀딩스(주),4150,0,0,0,0,0,0,0,0,0
한스바이오메드(주),42520,0,1,0,0,0,1,1,1,1
한신공영(주),4960,0,0,0,0,0,0,1,0,0
한신기계공업(주),11700,0,0,0,0,0,0,0,0,0
한양디지텍(주),78350,0,1,0,0,0,0,0,0,0
한양이엔지(주),45100,0,0,0,0,0,0,0,0,0
한온시스템(주),18880,0,0,0,0,0,0,0,0,0
한올바이오파마(주),9420,0,0,0,0,0,0,0,0,0
한일네트웍스(주),46110,0,0,1,0,0,0,0,0,0
한일단조공업(주),24740,0,0,0,0,0,0,0,0,0
한일사료(주),5860,0,0,0,0,0,0,0,0,0
한일시멘트(주),300720,0,0,0,0,0,0,0,0,0
한일철강(주),2220,0,0,0,0,0,0,0,0,0
한일현대시멘트(주),6390,0,0,0,0,0,0,0,0,0
한일홀딩스(주),3300,0,0,0,0,0,0,0,0,0
한일화학공업(주),7770,0,0,0,0,0,0,0,0,0
한전산업개발(주),130660,0,0,0,0,0,0,0,0,0
한전케이피에스(주),51600,0,0,0,0,0,0,0,0,0
한창산업(주),79170,0,0,0,0,0,0,0,0,0
한화솔루션(주),9830,0,0,0,0,0,0,0,0,0
한화시스템(주),272210,0,0,0,0,0,0,0,0,0
한화에어로스페이스(주),12450,0,0,0,0,0,0,0,0,1
해성디에스(주),195870,0,0,0,0,0,0,0,0,0
해성산업(주),34810,0,0,0,0,0,0,0,0,0
해성옵틱스(주),76610,0,0,0,0,0,0,0,0,0
해태제과식품(주),101530,0,0,0,0,0,0,0,0,0
핸즈코퍼레이션(주),143210,0,0,0,0,0,0,0,0,0
헝셩그룹유한회사,900270,0,0,0,0,0,0,0,0,0
현대건설(주),720,0,1,0,0,0,0,0,0,0
현대건설기계(주),267270,0,0,0,0,0,0,0,0,0
현대글로비스(주),86280,0,0,0,0,0,0,0,0,0
현대두산인프라코어(주),42670,0,0,0,0,0,0,0,0,0
현대로템(주),64350,0,0,0,0,0,0,0,0,0
현대모비스(주),12330,0,0,0,0,0,0,0,0,0
현대무벡스(주),319400,0,0,0,0,0,0,0,0,0
현대바이오사이언스(주),48410,0,0,0,0,1,0,0,0,0
현대비앤지스틸(주),4560,0,0,0,0,0,0,0,0,0
현대약품(주),4310,0,0,0,0,0,0,0,0,0
현대에너지솔루션(주),322000,0,0,0,0,0,0,0,0,0
현대에이치티(주),39010,0,0,0,0,0,0,0,1,0
현대엘리베이터(주),17800,0,0,0,0,0,0,0,0,0
현대오토에버(주),307950,0,0,0,0,0,0,0,0,0
현대위아(주),11210,0,0,0,1,0,0,0,0,0
현대일렉트릭앤에너지시스템(주),267260,0,0,0,0,0,0,0,0,0
현대자동차(주),5380,0,0,0,0,0,0,0,0,0
현대제철(주),4020,0,0,0,0,0,0,0,0,0
현대코퍼레이션(주),11760,0,0,0,0,0,0,0,0,0
현대코퍼레이션홀딩스(주),227840,0,0,0,0,0,0,0,1,0
현우산업(주),92300,0,0,0,0,1,0,1,0,0
호전실업(주),111110,0,0,0,0,0,0,0,0,0
화성밸브(주),39610,0,0,0,0,0,0,1,0,0
화성산업(주),2460,0,1,0,0,0,0,0,0,0
화일약품(주),61250,0,0,1,0,0,0,0,0,0
화천기계(주),10660,0,0,0,0,0,0,0,0,0
화천기공(주),850,0,0,0,0,0,0,0,0,0
환인제약(주),16580,0,0,0,0,0,0,0,0,0
효성아이티엑스(주),94280,0,0,0,0,0,0,0,0,0
효성오앤비(주),97870,0,0,0,0,0,0,0,0,0
효성중공업(주),298040,0,0,0,0,0,0,0,0,0
효성첨단소재(주),298050,0,0,0,0,0,0,0,0,0
효성티앤씨(주),298020,0,0,0,0,0,0,0,0,0
효성화학(주),298000,0,0,0,0,0,0,0,0,0
휴림네트웍스(주),192410,0,0,0,0,0,0,0,0,1
휴림로봇(주),90710,0,0,0,0,0,0,0,0,0
휴마시스(주),205470,0,0,0,0,0,0,1,0,0
휴젤(주),145020,0,0,0,0,0,1,1,1,1
흥구석유(주),24060,0,0,0,0,0,0,0,0,0
흥아해운(주),3280,0,0,0,0,0,0,0,0,0
